recipe_id,source_file,recipe_title,cuisine_family,dish_category,protein,starch,vegetables,sauce_or_marinade,core_ingredients,cooking_method,equipment,prep_complexity_1_5,labour_intensity_1_5,batch_suitability_1_5,holding_reheat_score_1_5,delivery_suitability_1_5,customer_familiarity_1_5,premium_pricing_1_5,waste_risk_1_5,cross_utilisation_1_5,commercial_deployability_score,consumer_craving_score,abundance_illusion_score,shareability_score,scarcity_drop_potential,productization_potential,safari_lounge_fit,ghost_kitchen_fit,catering_fit,consulting_value_fit,saas_dataset_fit,best_business_model,derivative_original_ideas,commercial_notes,needs_review
rcp_2d26e848506b,D:\Books\Culinary & Hospitality\CULINARY BOOKS\02 Techniques\Asian Pickles.pdf,"Solomon, Karen.",General / Fusion,Recipe Candidate,,,,,,raw/cold,standard kitchen,2,2,4,3,4,3,2,1,3,16,2,2,3,1,2,2,4,3,2,2,ghost kitchen menu item,"Solomon, Karen. bowl/wrap combo; delivery-safe sauce-on-side variant; lunch subscription item.",strong commercial deployability,yes
rcp_7b630229f8b8,D:\Books\Culinary & Hospitality\CULINARY BOOKS\02 Techniques\Asian Pickles.pdf,"1. Pickles—Asia. 2. Cooking, Asian. I. Title.",General / Fusion,Cold / Prep Ahead,,,,,,raw/cold,standard kitchen,2,2,4,3,4,3,2,1,3,16,2,2,3,1,2,2,4,3,2,2,ghost kitchen menu item,"1. Pickles—Asia. 2. Cooking, Asian. I. Title. bowl/wrap combo; delivery-safe sauce-on-side variant; lunch subscription item.",strong commercial deployability,no
rcp_7249e8fc7338,D:\Books\Culinary & Hospitality\CULINARY BOOKS\02 Techniques\Asian Pickles.pdf,Acknowledgments,General / Fusion,Cold / Prep Ahead,,,,,,raw/cold,standard kitchen,2,2,4,3,4,3,2,1,3,16,2,2,3,1,2,2,4,3,2,2,ghost kitchen menu item,Acknowledgments bowl/wrap combo; delivery-safe sauce-on-side variant; lunch subscription item.,strong commercial deployability,no
rcp_5fdfa0ad8414,D:\Books\Culinary & Hospitality\CULINARY BOOKS\02 Techniques\Asian Pickles.pdf,Japan,General / Fusion,Cold / Prep Ahead,,,,,,raw/cold,standard kitchen,2,2,4,3,4,3,2,1,3,16,2,2,3,1,2,2,4,3,2,2,ghost kitchen menu item,Japan bowl/wrap combo; delivery-safe sauce-on-side variant; lunch subscription item.,strong commercial deployability,yes
rcp_f755b16cd5d8,D:\Books\Culinary & Hospitality\CULINARY BOOKS\02 Techniques\Asian Pickles.pdf,Korea,General / Fusion,Cold / Prep Ahead,,,,,,raw/cold,standard kitchen,2,2,4,3,4,3,2,1,3,16,2,2,3,1,2,2,4,3,2,2,ghost kitchen menu item,Korea bowl/wrap combo; delivery-safe sauce-on-side variant; lunch subscription item.,strong commercial deployability,yes
rcp_cef05dcb0db0,D:\Books\Culinary & Hospitality\CULINARY BOOKS\02 Techniques\Asian Pickles.pdf,China,General / Fusion,Cold / Prep Ahead,,,,,,raw/cold,standard kitchen,2,2,4,3,4,3,2,1,3,16,2,2,3,1,2,2,4,3,2,2,ghost kitchen menu item,China bowl/wrap combo; delivery-safe sauce-on-side variant; lunch subscription item.,strong commercial deployability,yes
rcp_f1976039a114,D:\Books\Culinary & Hospitality\CULINARY BOOKS\02 Techniques\Asian Pickles.pdf,India,General / Fusion,Cold / Prep Ahead,,,,,,raw/cold,standard kitchen,2,2,4,3,4,3,2,1,3,16,2,2,3,1,2,2,4,3,2,2,ghost kitchen menu item,India bowl/wrap combo; delivery-safe sauce-on-side variant; lunch subscription item.,strong commercial deployability,yes
rcp_8f33751b99ba,D:\Books\Culinary & Hospitality\CULINARY BOOKS\02 Techniques\Asian Pickles.pdf,Southeast Asia,General / Fusion,Recipe Candidate,,,,,,raw/cold,standard kitchen,2,2,4,3,4,3,2,1,3,16,2,2,3,1,2,2,4,3,2,2,ghost kitchen menu item,Southeast Asia bowl/wrap combo; delivery-safe sauce-on-side variant; lunch subscription item.,strong commercial deployability,yes
rcp_aec90ab1bb78,D:\Books\Culinary & Hospitality\CULINARY BOOKS\02 Techniques\Asian Pickles.pdf,Glossary,General / Fusion,Cold / Prep Ahead,,,,,,raw/cold,standard kitchen,2,2,4,3,4,3,2,1,3,16,2,2,3,1,2,2,4,3,2,2,ghost kitchen menu item,Glossary bowl/wrap combo; delivery-safe sauce-on-side variant; lunch subscription item.,strong commercial deployability,no
rcp_c009beccce52,D:\Books\Culinary & Hospitality\CULINARY BOOKS\02 Techniques\Asian Pickles.pdf,Resources,General / Fusion,Cold / Prep Ahead,,,,,,raw/cold,standard kitchen,2,2,4,3,4,3,2,1,3,16,2,2,3,1,2,2,4,3,2,2,ghost kitchen menu item,Resources bowl/wrap combo; delivery-safe sauce-on-side variant; lunch subscription item.,strong commercial deployability,no
rcp_352ba9f2d220,D:\Books\Culinary & Hospitality\CULINARY BOOKS\02 Techniques\Crock_Pot_1825_Crock_Pot_Recipes_5_years_of_Crock_Pot_Slow_Cooker.pdf,Carl Preston,General / Fusion,Recipe Candidate,chicken,,,,chicken,braised,standard kitchen,2,2,4,2,3,3,3,2,2,13,3,4,4,2,1,3,3,5,2,3,catering tray / office bundle,Carl Preston office tray; family allocation tray; weekend preorder bundle with premium add-ons.,"works as tray, bundle, or group-buy format",yes
rcp_cc8fa7baeee8,D:\Books\Culinary & Hospitality\CULINARY BOOKS\02 Techniques\Crock_Pot_1825_Crock_Pot_Recipes_5_years_of_Crock_Pot_Slow_Cooker.pdf,First Edition,General / Fusion,Recipe Candidate,chicken,,,,chicken,braised,standard kitchen,2,2,4,2,3,3,3,2,2,13,3,4,4,2,1,3,3,5,2,3,catering tray / office bundle,First Edition office tray; family allocation tray; weekend preorder bundle with premium add-ons.,"works as tray, bundle, or group-buy format",yes
rcp_487132256742,D:\Books\Culinary & Hospitality\CULINARY BOOKS\02 Techniques\Crock_Pot_1825_Crock_Pot_Recipes_5_years_of_Crock_Pot_Slow_Cooker.pdf,Disclaimer,General / Fusion,Recipe Candidate,chicken; pork,,,,chicken; pork,braised,standard kitchen,2,2,4,2,3,3,4,2,2,14,3,4,4,3,1,4,3,5,3,3,catering tray / office bundle,Disclaimer office tray; family allocation tray; weekend preorder bundle with premium add-ons.,"works as tray, bundle, or group-buy format",yes
rcp_28d3f1a3fbe9,D:\Books\Culinary & Hospitality\CULINARY BOOKS\02 Techniques\Crock_Pot_1825_Crock_Pot_Recipes_5_years_of_Crock_Pot_Slow_Cooker.pdf,Last Page,General / Fusion,Recipe Candidate,chicken,,,,chicken,braised,standard kitchen,2,2,4,2,3,3,3,2,2,13,3,4,4,2,1,3,3,5,2,3,catering tray / office bundle,Last Page office tray; family allocation tray; weekend preorder bundle with premium add-ons.,"works as tray, bundle, or group-buy format",yes
rcp_457e463c8bbf,D:\Books\Culinary & Hospitality\CULINARY BOOKS\02 Techniques\Crock_Pot_1825_Crock_Pot_Recipes_5_years_of_Crock_Pot_Slow_Cooker.pdf,Artichoke Chicken and Rice,General / Fusion,Starch Main,chicken,rice,,,chicken; rice,braised,standard kitchen,2,2,4,2,4,4,3,2,3,16,3,5,4,2,1,3,5,5,2,4,catering tray / office bundle,Artichoke Chicken and Rice office tray; family allocation tray; weekend preorder bundle with premium add-ons.,"strong commercial deployability; works as tray, bundle, or group-buy format",no
rcp_29f8cd10edf0,D:\Books\Culinary & Hospitality\CULINARY BOOKS\02 Techniques\Crock_Pot_1825_Crock_Pot_Recipes_5_years_of_Crock_Pot_Slow_Cooker.pdf,"can cream of celery soup, low fat",General / Fusion,Wet Main / Bowl,chicken,,,,chicken,braised; boiled,stock pot,3,2,5,3,4,4,3,1,3,19,4,5,4,3,3,4,5,5,3,3,catering tray / office bundle,"can cream of celery soup, low fat office tray; family allocation tray; weekend preorder bundle with premium add-ons.","strong commercial deployability; works as tray, bundle, or group-buy format",no
rcp_86eb18b806ec,D:\Books\Culinary & Hospitality\CULINARY BOOKS\02 Techniques\Crock_Pot_1825_Crock_Pot_Recipes_5_years_of_Crock_Pot_Slow_Cooker.pdf,Dredge chicken in the flour mixture then brown in the hot oil.,General / Fusion,Hot Main,chicken,,,,chicken,braised,standard kitchen,2,2,4,2,3,4,3,2,2,14,3,4,4,2,2,3,4,5,2,3,catering tray / office bundle,Dredge chicken in the flour mixture then brown in the hot oil. office tray; family allocation tray; weekend preorder bundle with premium add-ons.,"works as tray, bundle, or group-buy format",no
rcp_3dbfb06eaac8,D:\Books\Culinary & Hospitality\CULINARY BOOKS\02 Techniques\Crock_Pot_1825_Crock_Pot_Recipes_5_years_of_Crock_Pot_Slow_Cooker.pdf,Asian Flavors Slow Cooked Chicken,General / Fusion,Hot Main,chicken,,,,chicken,braised,standard kitchen,2,2,4,2,3,4,3,2,2,14,3,4,4,2,1,3,4,5,2,3,catering tray / office bundle,Asian Flavors Slow Cooked Chicken office tray; family allocation tray; weekend preorder bundle with premium add-ons.,"works as tray, bundle, or group-buy format",no
rcp_6ab70f0d783d,D:\Books\Culinary & Hospitality\CULINARY BOOKS\02 Techniques\Crock_Pot_1825_Crock_Pot_Recipes_5_years_of_Crock_Pot_Slow_Cooker.pdf,. chicken thighs or leg quarters,General / Fusion,Hot Main,chicken,,,,chicken,braised,standard kitchen,2,2,4,2,3,4,3,2,2,14,3,4,4,2,1,3,4,5,2,3,catering tray / office bundle,. chicken thighs or leg quarters office tray; family allocation tray; weekend preorder bundle with premium add-ons.,"works as tray, bundle, or group-buy format",no
rcp_b5a69dd344d4,D:\Books\Culinary & Hospitality\CULINARY BOOKS\02 Techniques\Crock_Pot_1825_Crock_Pot_Recipes_5_years_of_Crock_Pot_Slow_Cooker.pdf,"Remove skin from chicken, if desired. Combine hoisin sauce, plum",General / Fusion,Sauce / Condiment,chicken,,,sauce,chicken; sauce,braised,blender,3,2,5,3,4,4,3,1,4,20,5,5,4,3,3,4,5,5,4,5,catering tray / office bundle,"Remove skin from chicken, if desired. Combine hoisin sauce, plum office tray; family allocation tray; weekend preorder bundle with premium add-ons.","strong commercial deployability; works as tray, bundle, or group-buy format",no
rcp_1c43533a2239,D:\Books\Culinary & Hospitality\CULINARY BOOKS\02 Techniques\Stir Fries-Best Ever Wok & Pan Recipes.pdf,Stir Fries-Best Ever Wok & Pan Recipes,Chinese / Wok,Recipe Candidate,,potato,,,potato,mixed/unknown,wok,2,2,3,2,4,3,2,2,3,13,2,3,2,1,1,3,3,2,2,3,menu intelligence / consulting dataset,"Convert Stir Fries-Best Ever Wok & Pan Recipes into a scored consulting insight, menu engineering example, or structured SaaS datapoint.",usable as intelligence datapoint; review before productization,yes
rcp_fc44c4058f47,D:\Books\Culinary & Hospitality\CULINARY BOOKS\02 Techniques\The prepper s cookbo... by Tess Pennington (z-lib.org).pdf,Cookbook,General / Fusion,Sauce / Condiment,,bread,pepper,sauce,bread; pepper; sauce,mixed/unknown,blender,3,2,4,3,5,3,2,1,5,19,4,4,3,2,3,3,5,4,3,5,catering tray / office bundle,Cookbook office tray; family allocation tray; weekend preorder bundle with premium add-ons.,"strong commercial deployability; works as tray, bundle, or group-buy format",no
rcp_a353b95fac1b,D:\Books\Culinary & Hospitality\CULINARY BOOKS\02 Techniques\The prepper s cookbo... by Tess Pennington (z-lib.org).pdf,"Delicious, Life-Saving Meals",General / Fusion,Recipe Candidate,,bread,pepper,sauce,bread; pepper; sauce,mixed/unknown,blender,3,2,4,3,5,3,2,1,5,19,4,4,3,2,3,3,5,4,3,5,catering tray / office bundle,"Delicious, Life-Saving Meals office tray; family allocation tray; weekend preorder bundle with premium add-ons.","strong commercial deployability; works as tray, bundle, or group-buy format",yes
rcp_63a97c72295f,D:\Books\Culinary & Hospitality\CULINARY BOOKS\02 Techniques\The prepper s cookbo... by Tess Pennington (z-lib.org).pdf,Tess Pennington,General / Fusion,Recipe Candidate,,bread,pepper,sauce,bread; pepper; sauce,mixed/unknown,blender,3,2,4,3,5,3,2,1,5,19,4,4,3,2,3,3,5,4,3,5,catering tray / office bundle,Tess Pennington office tray; family allocation tray; weekend preorder bundle with premium add-ons.,"strong commercial deployability; works as tray, bundle, or group-buy format",yes
rcp_7d8d1a98d3ea,D:\Books\Culinary & Hospitality\CULINARY BOOKS\02 Techniques\The prepper s cookbo... by Tess Pennington (z-lib.org).pdf,Ulysses Press,General / Fusion,Recipe Candidate,pork,bread,pepper,sauce,pork; bread; pepper; sauce,mixed/unknown,blender,3,2,4,3,5,3,3,1,5,20,4,4,3,3,3,3,5,4,3,5,catering tray / office bundle,Ulysses Press office tray; family allocation tray; weekend preorder bundle with premium add-ons.,"strong commercial deployability; works as tray, bundle, or group-buy format",yes
rcp_484899f42e9c,D:\Books\Culinary & Hospitality\CULINARY BOOKS\02 Techniques\The prepper s cookbo... by Tess Pennington (z-lib.org).pdf,"A Hollan Publishing, Inc. Concept",General / Fusion,Recipe Candidate,pork,bread,pepper,sauce,pork; bread; pepper; sauce,mixed/unknown,blender,3,2,4,3,5,3,3,1,5,20,4,4,3,3,3,3,5,4,3,5,catering tray / office bundle,"A Hollan Publishing, Inc. Concept office tray; family allocation tray; weekend preorder bundle with premium add-ons.","strong commercial deployability; works as tray, bundle, or group-buy format",yes
rcp_b830d4c62554,D:\Books\Culinary & Hospitality\CULINARY BOOKS\02 Techniques\The prepper s cookbo... by Tess Pennington (z-lib.org).pdf,Acquisitions Editor: Keith Riegert,General / Fusion,Recipe Candidate,pork,bread,pepper,sauce,pork; bread; pepper; sauce,mixed/unknown,blender,3,2,4,3,5,3,3,1,5,20,4,4,3,3,3,3,5,4,3,5,catering tray / office bundle,Acquisitions Editor: Keith Riegert office tray; family allocation tray; weekend preorder bundle with premium add-ons.,"strong commercial deployability; works as tray, bundle, or group-buy format",yes
rcp_02e54a33fa12,D:\Books\Culinary & Hospitality\CULINARY BOOKS\02 Techniques\The prepper s cookbo... by Tess Pennington (z-lib.org).pdf,Managing Editor: Claire Chun,General / Fusion,Recipe Candidate,pork,bread,pepper,sauce,pork; bread; pepper; sauce,mixed/unknown,blender,3,2,4,3,5,3,3,1,5,20,4,4,3,3,3,3,5,4,3,5,catering tray / office bundle,Managing Editor: Claire Chun office tray; family allocation tray; weekend preorder bundle with premium add-ons.,"strong commercial deployability; works as tray, bundle, or group-buy format",yes
rcp_b8441883a0d9,D:\Books\Culinary & Hospitality\CULINARY BOOKS\02 Techniques\The prepper s cookbo... by Tess Pennington (z-lib.org).pdf,Editor: Phyllis Elving,General / Fusion,Recipe Candidate,pork,bread,pepper,sauce,pork; bread; pepper; sauce,mixed/unknown,blender,3,2,4,3,5,3,3,1,5,20,4,4,3,3,3,3,5,4,3,5,catering tray / office bundle,Editor: Phyllis Elving office tray; family allocation tray; weekend preorder bundle with premium add-ons.,"strong commercial deployability; works as tray, bundle, or group-buy format",yes
rcp_81cc83dc5689,D:\Books\Culinary & Hospitality\CULINARY BOOKS\02 Techniques\The prepper s cookbo... by Tess Pennington (z-lib.org).pdf,Proofreader: Elyce Berrigan-Dunlop,General / Fusion,Recipe Candidate,pork,bread,pepper,sauce,pork; bread; pepper; sauce,mixed/unknown,blender,3,2,4,3,5,3,3,1,5,20,4,4,3,3,3,3,5,4,3,5,catering tray / office bundle,Proofreader: Elyce Berrigan-Dunlop office tray; family allocation tray; weekend preorder bundle with premium add-ons.,"strong commercial deployability; works as tray, bundle, or group-buy format",yes
rcp_a67ac72ad77a,D:\Books\Culinary & Hospitality\CULINARY BOOKS\02 Techniques\The prepper s cookbo... by Tess Pennington (z-lib.org).pdf,Table Of Contents,General / Fusion,Recipe Candidate,chicken; pork; vegetarian,rice; bread,,,chicken; pork; vegetarian; rice; bread,roasted,oven,2,2,4,2,4,4,4,2,3,17,3,5,4,3,1,4,5,5,3,4,catering tray / office bundle,Table Of Contents office tray; family allocation tray; weekend preorder bundle with premium add-ons.,"strong commercial deployability; works as tray, bundle, or group-buy format",yes
rcp_a2fbbdc77d29,D:\Books\Culinary & Hospitality\CULINARY BOOKS\02 Techniques\The Woks of Life by Bill Leung.epub,"Pork, Beef & Lamb, The Woks of Life",Chinese / Wok; American BBQ,Hot Main,beef; chicken; pork; lamb,rice; potato,tomato,marinade,beef; chicken; pork; lamb; rice; potato; tomato; marinade,grilled; braised; roasted; boiled,wok; grill; oven; stock pot,4,3,5,5,5,4,5,1,5,25,5,5,5,5,4,5,5,5,5,5,catering tray / office bundle,"Pork, Beef & Lamb, The Woks of Life office tray; family allocation tray; weekend preorder bundle with premium add-ons.","strong commercial deployability; good scarcity-drop candidate; component/product line candidate; works as tray, bundle, or group-buy format",no
rcp_e84214caa660,D:\Books\Culinary & Hospitality\CULINARY BOOKS\02 Techniques\The Woks of Life by Bill Leung.epub,"Pork, Beef & Lamb",Chinese / Wok; American BBQ,Hot Main,beef; chicken; pork; lamb,rice; potato,tomato,marinade,beef; chicken; pork; lamb; rice; potato; tomato; marinade,grilled; braised; roasted; boiled,wok; grill; oven; stock pot,4,3,5,5,5,4,5,1,5,25,5,5,5,5,4,5,5,5,5,5,catering tray / office bundle,"Pork, Beef & Lamb office tray; family allocation tray; weekend preorder bundle with premium add-ons.","strong commercial deployability; good scarcity-drop candidate; component/product line candidate; works as tray, bundle, or group-buy format",no
rcp_97640e2861b0,D:\Books\Culinary & Hospitality\CULINARY BOOKS\02 Techniques\The Woks of Life by Bill Leung.epub,Char Siu Roast Pork,Chinese / Wok; American BBQ,Hot Main,beef; chicken; pork; lamb,rice; potato,garlic; pepper; tomato,glaze; marinade; sauce,beef; chicken; pork; lamb; rice; potato; garlic; pepper; tomato; glaze; marinade; sauce,grilled; braised; roasted; boiled,wok; grill; oven; stock pot; blender,4,3,5,5,5,4,5,1,5,25,5,5,5,5,4,5,5,5,5,5,catering tray / office bundle,Char Siu Roast Pork office tray; family allocation tray; weekend preorder bundle with premium add-ons.,"strong commercial deployability; good scarcity-drop candidate; component/product line candidate; works as tray, bundle, or group-buy format",no
rcp_33663c6b10ab,D:\Books\Culinary & Hospitality\CULINARY BOOKS\02 Techniques\The Woks of Life by Bill Leung.epub,Make Ahead,American BBQ,Recipe Candidate,beef; chicken; pork; egg,rice; noodle,,sauce,beef; chicken; pork; egg; rice; noodle; sauce,roasted,oven; blender,4,3,3,3,5,4,3,1,5,19,5,4,2,3,4,4,5,3,5,5,ghost kitchen menu item,Make Ahead bowl/wrap combo; delivery-safe sauce-on-side variant; lunch subscription item.,strong commercial deployability; component/product line candidate,yes
rcp_f16e473f8b1e,D:\Books\Culinary & Hospitality\CULINARY BOOKS\02 Techniques\The Woks of Life by Bill Leung.epub,Get To Know Your Oven,American BBQ,Recipe Candidate,beef; chicken; pork; egg,rice; noodle,,sauce,beef; chicken; pork; egg; rice; noodle; sauce,braised; roasted,oven; stock pot; blender,4,3,3,3,5,4,3,1,5,19,5,4,2,3,4,4,5,3,5,5,ghost kitchen menu item,Get To Know Your Oven bowl/wrap combo; delivery-safe sauce-on-side variant; lunch subscription item.,strong commercial deployability; component/product line candidate,yes
rcp_d4e8e9d5109b,D:\Books\Culinary & Hospitality\CULINARY BOOKS\02 Techniques\The Woks of Life by Bill Leung.epub,Hong Kong Beef Brisket in Clear Broth,Chinese / Wok; American BBQ,Wet Main / Bowl,beef; chicken; pork; lamb,rice; potato,garlic; tomato,glaze; marinade; sauce,beef; chicken; pork; lamb; rice; potato; garlic; tomato; glaze; marinade; sauce,grilled; braised; roasted; boiled,wok; grill; oven; stock pot; blender,4,3,5,5,5,4,5,1,5,25,5,5,5,5,4,5,5,5,5,5,catering tray / office bundle,Hong Kong Beef Brisket in Clear Broth office tray; family allocation tray; weekend preorder bundle with premium add-ons.,"strong commercial deployability; good scarcity-drop candidate; component/product line candidate; works as tray, bundle, or group-buy format",no
rcp_38523b2e610b,D:\Books\Culinary & Hospitality\CULINARY BOOKS\02 Techniques\The Woks of Life by Bill Leung.epub,For the beef,American BBQ,Hot Main,beef; chicken; pork,rice; bread; grain,garlic; pepper,,beef; chicken; pork; rice; bread; grain; garlic; pepper,braised; boiled,oven; stock pot,3,2,3,4,5,4,3,1,5,21,3,4,2,3,2,3,5,4,3,5,catering tray / office bundle,For the beef office tray; family allocation tray; weekend preorder bundle with premium add-ons.,"strong commercial deployability; works as tray, bundle, or group-buy format",no
rcp_7fa037a37197,D:\Books\Culinary & Hospitality\CULINARY BOOKS\02 Techniques\The Woks of Life by Bill Leung.epub,Grilled Lamb Skewers,American BBQ,Hot Main,beef; chicken; pork; lamb,grain,,dip,beef; chicken; pork; lamb; grain; dip,grilled; boiled,grill; stock pot; blender,3,3,3,2,4,4,3,1,5,17,5,3,3,3,4,4,5,2,5,5,ghost kitchen menu item,Grilled Lamb Skewers bowl/wrap combo; delivery-safe sauce-on-side variant; lunch subscription item.,strong commercial deployability; component/product line candidate,no
rcp_2c0eab0acaf7,D:\Books\Culinary & Hospitality\CULINARY BOOKS\02 Techniques\The Woks of Life by Bill Leung.epub,Cantonese Roast Pork Belly (Siu Yuk),Chinese / Wok; American BBQ,Hot Main,beef; chicken; pork; lamb,rice; potato,garlic; tomato,glaze; marinade; sauce,beef; chicken; pork; lamb; rice; potato; garlic; tomato; glaze; marinade; sauce,grilled; braised; roasted; boiled,wok; grill; oven; stock pot; blender,4,3,5,5,5,4,5,1,5,25,5,5,5,5,4,5,5,5,5,5,catering tray / office bundle,Cantonese Roast Pork Belly (Siu Yuk) office tray; family allocation tray; weekend preorder bundle with premium add-ons.,"strong commercial deployability; good scarcity-drop candidate; component/product line candidate; works as tray, bundle, or group-buy format",no
rcp_9bf48ca7c83a,D:\Books\Culinary & Hospitality\CULINARY BOOKS\02 Techniques\The Woks of Life by Bill Leung.epub,Black Pepper Beef (Steak Kow),Chinese / Wok; American BBQ,Hot Main,beef; chicken; pork; lamb,rice; potato,garlic; pepper; tomato,glaze; marinade; sauce,beef; chicken; pork; lamb; rice; potato; garlic; pepper; tomato; glaze; marinade; sauce,grilled; braised; roasted; boiled,wok; grill; oven; stock pot; blender,4,3,5,5,5,4,5,1,5,25,5,5,5,5,4,5,5,5,5,5,catering tray / office bundle,Black Pepper Beef (Steak Kow) office tray; family allocation tray; weekend preorder bundle with premium add-ons.,"strong commercial deployability; good scarcity-drop candidate; component/product line candidate; works as tray, bundle, or group-buy format",no
rcp_1cf8761f2ae1,D:\Books\Culinary & Hospitality\CULINARY BOOKS\02 Techniques\The_Preppers_Cookbook_Essential_Prepping_Foods_and_Recipes_to_Deliciously.pdf,Classic Grape Jelly,General / Fusion,Recipe Candidate,chicken,,,,chicken,mixed/unknown,standard kitchen,2,2,3,2,3,3,2,2,2,11,2,2,2,1,1,2,2,2,2,3,menu intelligence / consulting dataset,"Convert Classic Grape Jelly into a scored consulting insight, menu engineering example, or structured SaaS datapoint.",usable as intelligence datapoint; review before productization,yes
rcp_9d6a42ba3b36,D:\Books\Culinary & Hospitality\CULINARY BOOKS\02 Techniques\The_Preppers_Cookbook_Essential_Prepping_Foods_and_Recipes_to_Deliciously.pdf,Spicy Jalapeño Jelly,General / Fusion,Recipe Candidate,chicken,,,,chicken,mixed/unknown,standard kitchen,2,2,3,2,3,3,2,2,2,11,2,2,2,1,1,2,2,2,2,3,menu intelligence / consulting dataset,"Convert Spicy Jalapeño Jelly into a scored consulting insight, menu engineering example, or structured SaaS datapoint.",usable as intelligence datapoint; review before productization,yes
rcp_d2268fdc5c4b,D:\Books\Culinary & Hospitality\CULINARY BOOKS\02 Techniques\The_Preppers_Cookbook_Essential_Prepping_Foods_and_Recipes_to_Deliciously.pdf,Herb Jelly,General / Fusion,Recipe Candidate,chicken,,,,chicken,mixed/unknown,standard kitchen,2,2,3,2,3,3,2,2,2,11,2,2,2,1,1,2,2,2,2,3,menu intelligence / consulting dataset,"Convert Herb Jelly into a scored consulting insight, menu engineering example, or structured SaaS datapoint.",usable as intelligence datapoint; review before productization,yes
rcp_964319734202,D:\Books\Culinary & Hospitality\CULINARY BOOKS\02 Techniques\The_Preppers_Cookbook_Essential_Prepping_Foods_and_Recipes_to_Deliciously.pdf,Any-Fruit Jam,General / Fusion,Recipe Candidate,chicken,,,,chicken,mixed/unknown,standard kitchen,2,2,3,2,3,3,2,2,2,11,2,2,2,1,1,2,2,2,2,3,menu intelligence / consulting dataset,"Convert Any-Fruit Jam into a scored consulting insight, menu engineering example, or structured SaaS datapoint.",usable as intelligence datapoint; review before productization,yes
rcp_6af904d3e7f4,D:\Books\Culinary & Hospitality\CULINARY BOOKS\02 Techniques\The_Preppers_Cookbook_Essential_Prepping_Foods_and_Recipes_to_Deliciously.pdf,Nutty Pecan Jam,General / Fusion,Recipe Candidate,chicken,,,,chicken,mixed/unknown,standard kitchen,2,2,3,2,3,3,2,2,2,11,2,2,2,1,1,2,2,2,2,3,menu intelligence / consulting dataset,"Convert Nutty Pecan Jam into a scored consulting insight, menu engineering example, or structured SaaS datapoint.",usable as intelligence datapoint; review before productization,yes
rcp_21fdb35764da,D:\Books\Culinary & Hospitality\CULINARY BOOKS\02 Techniques\The_Preppers_Cookbook_Essential_Prepping_Foods_and_Recipes_to_Deliciously.pdf,Canned Peaches,General / Fusion,Recipe Candidate,chicken,,,,chicken,mixed/unknown,standard kitchen,2,2,3,2,3,3,2,2,2,11,2,2,2,1,1,2,2,2,2,3,menu intelligence / consulting dataset,"Convert Canned Peaches into a scored consulting insight, menu engineering example, or structured SaaS datapoint.",usable as intelligence datapoint; review before productization,yes
rcp_28246acdd189,D:\Books\Culinary & Hospitality\CULINARY BOOKS\02 Techniques\The_Preppers_Cookbook_Essential_Prepping_Foods_and_Recipes_to_Deliciously.pdf,Apple Pie Filling,General / Fusion,Recipe Candidate,chicken,,,,chicken,mixed/unknown,standard kitchen,2,2,3,2,3,3,2,2,2,11,2,2,2,1,1,2,2,2,2,3,menu intelligence / consulting dataset,"Convert Apple Pie Filling into a scored consulting insight, menu engineering example, or structured SaaS datapoint.",usable as intelligence datapoint; review before productization,yes
rcp_97418e7ab19e,D:\Books\Culinary & Hospitality\CULINARY BOOKS\02 Techniques\The_Preppers_Cookbook_Essential_Prepping_Foods_and_Recipes_to_Deliciously.pdf,Blueberry Compote,General / Fusion,Recipe Candidate,chicken,,,,chicken,mixed/unknown,standard kitchen,2,2,3,2,3,3,2,2,2,11,2,2,2,1,1,2,2,2,2,3,menu intelligence / consulting dataset,"Convert Blueberry Compote into a scored consulting insight, menu engineering example, or structured SaaS datapoint.",usable as intelligence datapoint; review before productization,yes
rcp_99857e615b3a,D:\Books\Culinary & Hospitality\CULINARY BOOKS\02 Techniques\The_Preppers_Cookbook_Essential_Prepping_Foods_and_Recipes_to_Deliciously.pdf,Classic Dill Pickle Spears,General / Fusion,Cold / Prep Ahead,chicken,,,,chicken,raw/cold,standard kitchen,2,2,4,3,4,3,2,1,3,16,2,2,3,1,2,2,4,3,2,3,ghost kitchen menu item,Classic Dill Pickle Spears bowl/wrap combo; delivery-safe sauce-on-side variant; lunch subscription item.,strong commercial deployability,no
rcp_1de9f0214f7c,D:\Books\Culinary & Hospitality\CULINARY BOOKS\02 Techniques\The_Preppers_Cookbook_Essential_Prepping_Foods_and_Recipes_to_Deliciously.pdf,Pickled Beets,General / Fusion,Cold / Prep Ahead,chicken,,,,chicken,raw/cold,standard kitchen,2,2,4,3,4,3,2,1,3,16,2,2,3,1,2,2,4,3,2,3,ghost kitchen menu item,Pickled Beets bowl/wrap combo; delivery-safe sauce-on-side variant; lunch subscription item.,strong commercial deployability,no
rcp_8aa0c517cc2b,D:\Books\Culinary & Hospitality\CULINARY BOOKS\02 Techniques\Ultimate Japanese Noodles Cookbook by Masahiro Kasahara.pdf,Noodles FINAL 24 Sep CSY.indd ii 6/10/21 12:06 PM,Sri Lankan / Curry; Japanese; Chinese / Wok; American BBQ,Starch Main,beef; chicken; pork; seafood; egg; vegetarian,rice; noodle,carrot; cucumber; eggplant; lettuce; mushroom; tomato,curry; dip; sauce,beef; chicken; pork; seafood; egg; vegetarian; rice; noodle; carrot; cucumber; eggplant; lettuce; mushroom; tomato; curry; dip; sauce,fried; boiled; raw/cold,stock pot; fryer; blender,4,3,5,3,5,4,3,2,5,20,5,4,4,4,5,4,5,5,5,5,catering tray / office bundle,Noodles FINAL 24 Sep CSY.indd ii 6/10/21 12:06 PM office tray; family allocation tray; weekend preorder bundle with premium add-ons.,"strong commercial deployability; good scarcity-drop candidate; component/product line candidate; works as tray, bundle, or group-buy format",no
rcp_b1ec134b10a8,D:\Books\Culinary & Hospitality\CULINARY BOOKS\02 Techniques\Ultimate Japanese Noodles Cookbook by Masahiro Kasahara.pdf,Noodles FINAL 24 Sep CSY.indd iii 6/10/21 12:06 PM,Sri Lankan / Curry; Japanese; Chinese / Wok; American BBQ,Starch Main,beef; chicken; pork; seafood; egg; vegetarian,rice; noodle,carrot; cucumber; eggplant; lettuce; mushroom; tomato,curry; dip; sauce,beef; chicken; pork; seafood; egg; vegetarian; rice; noodle; carrot; cucumber; eggplant; lettuce; mushroom; tomato; curry; dip; sauce,fried; boiled; raw/cold,stock pot; fryer; blender,4,3,5,3,5,4,3,2,5,20,5,4,4,4,5,4,5,5,5,5,catering tray / office bundle,Noodles FINAL 24 Sep CSY.indd iii 6/10/21 12:06 PM office tray; family allocation tray; weekend preorder bundle with premium add-ons.,"strong commercial deployability; good scarcity-drop candidate; component/product line candidate; works as tray, bundle, or group-buy format",no
rcp_47649f2f828d,D:\Books\Culinary & Hospitality\CULINARY BOOKS\02 Techniques\Ultimate Japanese Noodles Cookbook by Masahiro Kasahara.pdf,Noodles FINAL 24 Sep CSY.indd iv 24/9/21 1:39 PM,Sri Lankan / Curry; Japanese; Chinese / Wok; American BBQ,Starch Main,beef; chicken; pork; seafood; egg; vegetarian,rice; noodle,carrot; cucumber; eggplant; lettuce; mushroom; tomato,curry; dip; sauce,beef; chicken; pork; seafood; egg; vegetarian; rice; noodle; carrot; cucumber; eggplant; lettuce; mushroom; tomato; curry; dip; sauce,fried; boiled; raw/cold,stock pot; fryer; blender,4,3,5,3,5,4,3,2,5,20,5,4,4,4,5,4,5,5,5,5,catering tray / office bundle,Noodles FINAL 24 Sep CSY.indd iv 24/9/21 1:39 PM office tray; family allocation tray; weekend preorder bundle with premium add-ons.,"strong commercial deployability; good scarcity-drop candidate; component/product line candidate; works as tray, bundle, or group-buy format",no
rcp_40081a01d17b,D:\Books\Culinary & Hospitality\CULINARY BOOKS\02 Techniques\Ultimate Japanese Noodles Cookbook by Masahiro Kasahara.pdf,Cookbook,Sri Lankan / Curry; Japanese; American BBQ,Sauce / Condiment,beef; chicken; pork; seafood; egg; vegetarian,noodle,cucumber; eggplant; lettuce; mushroom; tomato,curry; dip; sauce,beef; chicken; pork; seafood; egg; vegetarian; noodle; cucumber; eggplant; lettuce; mushroom; tomato; curry; dip; sauce,fried; boiled; raw/cold,stock pot; fryer; blender,4,3,5,3,5,4,3,2,5,20,5,4,4,4,5,4,5,5,5,5,bottled sauce / rub / dry mix,Original signature component inspired by the category: Safari Lounge Cookbook sauce flight; dry rub sachet; catering condiment upsell.,"strong commercial deployability; good scarcity-drop candidate; component/product line candidate; works as tray, bundle, or group-buy format",no
rcp_f5aeb66222e7,D:\Books\Culinary & Hospitality\CULINARY BOOKS\02 Techniques\Ultimate Japanese Noodles Cookbook by Masahiro Kasahara.pdf,Japanese Noodles,Sri Lankan / Curry; Japanese; American BBQ,Starch Main,beef; chicken; pork; seafood; egg; vegetarian,noodle,cucumber; eggplant; lettuce; mushroom; tomato,curry; dip; sauce,beef; chicken; pork; seafood; egg; vegetarian; noodle; cucumber; eggplant; lettuce; mushroom; tomato; curry; dip; sauce,fried; boiled; raw/cold,stock pot; fryer; blender,4,3,5,3,5,4,3,2,5,20,5,4,4,4,5,4,5,5,5,5,catering tray / office bundle,Japanese Noodles office tray; family allocation tray; weekend preorder bundle with premium add-ons.,"strong commercial deployability; good scarcity-drop candidate; component/product line candidate; works as tray, bundle, or group-buy format",no
rcp_2d743ffa087c,D:\Books\Culinary & Hospitality\CULINARY BOOKS\02 Techniques\Ultimate Japanese Noodles Cookbook by Masahiro Kasahara.pdf,The Ultimate,Sri Lankan / Curry; Japanese; American BBQ,Recipe Candidate,beef; chicken; pork; seafood; egg; vegetarian,noodle,cucumber; eggplant; lettuce; mushroom; tomato,curry; dip; sauce,beef; chicken; pork; seafood; egg; vegetarian; noodle; cucumber; eggplant; lettuce; mushroom; tomato; curry; dip; sauce,fried; boiled; raw/cold,stock pot; fryer; blender,4,3,5,3,5,4,3,2,5,20,5,4,4,4,5,4,5,5,5,5,catering tray / office bundle,The Ultimate office tray; family allocation tray; weekend preorder bundle with premium add-ons.,"strong commercial deployability; good scarcity-drop candidate; component/product line candidate; works as tray, bundle, or group-buy format",yes
rcp_98fa2e1ae938,D:\Books\Culinary & Hospitality\CULINARY BOOKS\02 Techniques\Ultimate Japanese Noodles Cookbook by Masahiro Kasahara.pdf,Masahiro Kasahara,Sri Lankan / Curry; Japanese; American BBQ,Recipe Candidate,beef; chicken; pork; seafood; egg; vegetarian,noodle,cucumber; eggplant; lettuce; mushroom; tomato,curry; dip; sauce,beef; chicken; pork; seafood; egg; vegetarian; noodle; cucumber; eggplant; lettuce; mushroom; tomato; curry; dip; sauce,fried; boiled; raw/cold,stock pot; fryer; blender,4,3,5,3,5,4,3,2,5,20,5,4,4,4,5,4,5,5,5,5,catering tray / office bundle,Masahiro Kasahara office tray; family allocation tray; weekend preorder bundle with premium add-ons.,"strong commercial deployability; good scarcity-drop candidate; component/product line candidate; works as tray, bundle, or group-buy format",yes
rcp_ca8ee4370e90,D:\Books\Culinary & Hospitality\CULINARY BOOKS\02 Techniques\Ultimate Japanese Noodles Cookbook by Masahiro Kasahara.pdf,"Amazing Soba, Ramen, Udon, Hot Pot",Sri Lankan / Curry; Japanese; American BBQ,Recipe Candidate,beef; chicken; pork; seafood; egg; vegetarian,noodle,cucumber; eggplant; lettuce; mushroom; tomato,curry; dip; sauce,beef; chicken; pork; seafood; egg; vegetarian; noodle; cucumber; eggplant; lettuce; mushroom; tomato; curry; dip; sauce,fried; boiled; raw/cold,stock pot; fryer; blender,4,3,5,3,5,4,3,2,5,20,5,4,4,4,5,4,5,5,5,5,catering tray / office bundle,"Amazing Soba, Ramen, Udon, Hot Pot office tray; family allocation tray; weekend preorder bundle with premium add-ons.","strong commercial deployability; good scarcity-drop candidate; component/product line candidate; works as tray, bundle, or group-buy format",yes
rcp_237b674bcfe6,D:\Books\Culinary & Hospitality\CULINARY BOOKS\02 Techniques\Ultimate Japanese Noodles Cookbook by Masahiro Kasahara.pdf,and Japanese Pasta Recipes!,Sri Lankan / Curry; Japanese; American BBQ,Starch Main,beef; chicken; pork; seafood; egg; vegetarian,noodle,cucumber; eggplant; lettuce; mushroom; tomato,curry; dip; sauce,beef; chicken; pork; seafood; egg; vegetarian; noodle; cucumber; eggplant; lettuce; mushroom; tomato; curry; dip; sauce,fried; boiled; raw/cold,stock pot; fryer; blender,4,3,5,3,5,4,3,2,5,20,5,4,4,4,5,4,5,5,5,5,catering tray / office bundle,and Japanese Pasta Recipes! office tray; family allocation tray; weekend preorder bundle with premium add-ons.,"strong commercial deployability; good scarcity-drop candidate; component/product line candidate; works as tray, bundle, or group-buy format",no
rcp_1941a9a9b520,D:\Books\Culinary & Hospitality\CULINARY BOOKS\02 Techniques\Ultimate Japanese Noodles Cookbook by Masahiro Kasahara.pdf,Noodles FINAL 24 Sep CSY.indd 1 24/9/21 1:39 PM,Sri Lankan / Curry; Japanese; Chinese / Wok; American BBQ,Starch Main,beef; chicken; pork; seafood; egg; vegetarian,rice; noodle,carrot; cucumber; eggplant; lettuce; mushroom; tomato,curry; dip; sauce,beef; chicken; pork; seafood; egg; vegetarian; rice; noodle; carrot; cucumber; eggplant; lettuce; mushroom; tomato; curry; dip; sauce,fried; boiled; raw/cold,stock pot; fryer; blender,4,3,5,3,5,4,3,2,5,20,5,4,4,4,5,4,5,5,5,5,catering tray / office bundle,Noodles FINAL 24 Sep CSY.indd 1 24/9/21 1:39 PM office tray; family allocation tray; weekend preorder bundle with premium add-ons.,"strong commercial deployability; good scarcity-drop candidate; component/product line candidate; works as tray, bundle, or group-buy format",no
rcp_f35a9222caf8,D:\Books\Culinary & Hospitality\CULINARY BOOKS\03 World Cuisines\A Korean Cooking Cookbook (Jaehyun Hw... (z-lib.org).pdf,A Korean Cooking Cookbook,Korean,Recipe Candidate,pork,,,,pork,mixed/unknown,standard kitchen,2,2,3,2,3,3,4,2,2,13,2,2,2,2,1,4,2,2,3,3,Safari Lounge fusion special,"Safari Lounge fusion special using familiar base, premium garnish, and limited weekly drop language.",usable as intelligence datapoint; review before productization,yes
rcp_f46520d2f45f,D:\Books\Culinary & Hospitality\CULINARY BOOKS\03 World Cuisines\A Korean Cooking Cookbook (Jaehyun Hw... (z-lib.org).pdf,Best 90 Home Cooking Korean Recipes,Korean,Recipe Candidate,pork,,,,pork,mixed/unknown,standard kitchen,2,2,3,2,3,3,4,2,2,13,2,2,2,2,1,4,2,2,3,3,Safari Lounge fusion special,"Safari Lounge fusion special using familiar base, premium garnish, and limited weekly drop language.",usable as intelligence datapoint; review before productization,yes
rcp_1ffa87da9a1b,D:\Books\Culinary & Hospitality\CULINARY BOOKS\03 World Cuisines\A Korean Cooking Cookbook (Jaehyun Hw... (z-lib.org).pdf,Jaehyun Hwan,Korean; American BBQ,Recipe Candidate,beef; pork,,,sauce,beef; pork; sauce,mixed/unknown,blender,3,2,4,3,4,4,4,1,4,20,4,3,3,3,3,5,5,3,4,5,ghost kitchen menu item,Jaehyun Hwan bowl/wrap combo; delivery-safe sauce-on-side variant; lunch subscription item.,strong commercial deployability,yes
rcp_4237478118a9,D:\Books\Culinary & Hospitality\CULINARY BOOKS\03 World Cuisines\A Korean Cooking Cookbook (Jaehyun Hw... (z-lib.org).pdf,The Classic Korean Table,Korean; Sri Lankan / Curry; Latin / Tex-Mex; Chinese / Wok; American BBQ,Recipe Candidate,beef; chicken; pork; egg; vegetarian,rice; noodle; bread; potato,cucumber; pepper,curry; dip; marinade; sauce,beef; chicken; pork; egg; vegetarian; rice; noodle; bread; potato; cucumber; pepper; curry; dip; marinade; sauce,grilled; fried; braised; boiled,grill; stock pot; fryer; blender,4,3,5,4,5,4,5,1,5,24,5,5,5,5,5,5,5,5,5,5,catering tray / office bundle,The Classic Korean Table office tray; family allocation tray; weekend preorder bundle with premium add-ons.,"strong commercial deployability; good scarcity-drop candidate; component/product line candidate; works as tray, bundle, or group-buy format",yes
rcp_43a2b32bc42a,D:\Books\Culinary & Hospitality\CULINARY BOOKS\03 World Cuisines\A Korean Cooking Cookbook (Jaehyun Hw... (z-lib.org).pdf,Korean Cooking Basics,Korean; Sri Lankan / Curry; Latin / Tex-Mex; Chinese / Wok; American BBQ,Recipe Candidate,beef; chicken; pork; egg; vegetarian,rice; noodle; bread; potato,cucumber; pepper,curry; dip; marinade; sauce,beef; chicken; pork; egg; vegetarian; rice; noodle; bread; potato; cucumber; pepper; curry; dip; marinade; sauce,grilled; fried; braised; boiled,grill; stock pot; fryer; blender,4,3,5,4,5,4,5,1,5,24,5,5,5,5,5,5,5,5,5,5,catering tray / office bundle,Korean Cooking Basics office tray; family allocation tray; weekend preorder bundle with premium add-ons.,"strong commercial deployability; good scarcity-drop candidate; component/product line candidate; works as tray, bundle, or group-buy format",yes
rcp_a0c4b2c611f7,D:\Books\Culinary & Hospitality\CULINARY BOOKS\03 World Cuisines\A Korean Cooking Cookbook (Jaehyun Hw... (z-lib.org).pdf,Korean Cuisine Sauces & Spices,Korean; Sri Lankan / Curry; Latin / Tex-Mex; Chinese / Wok; American BBQ,Sauce / Condiment,beef; chicken; pork; egg; vegetarian,rice; noodle; bread; potato,cucumber; pepper,curry; dip; marinade; sauce,beef; chicken; pork; egg; vegetarian; rice; noodle; bread; potato; cucumber; pepper; curry; dip; marinade; sauce,grilled; fried; braised; boiled; raw/cold,grill; stock pot; fryer; blender,4,3,5,4,5,4,5,2,5,23,5,5,5,5,5,5,5,5,5,5,bottled sauce / rub / dry mix,Original signature component inspired by the category: Safari Lounge Korean Cuisine Sauces & Spices sauce flight; dry rub sachet; catering condiment upsell.,"strong commercial deployability; good scarcity-drop candidate; component/product line candidate; works as tray, bundle, or group-buy format",no
rcp_d9fdf1646696,D:\Books\Culinary & Hospitality\CULINARY BOOKS\03 World Cuisines\A Korean Cooking Cookbook (Jaehyun Hw... (z-lib.org).pdf,Beef Meals,Korean; Sri Lankan / Curry; Latin / Tex-Mex; Chinese / Wok; American BBQ,Hot Main,beef; chicken; pork; egg; vegetarian,rice; noodle; bread; potato,cucumber; pepper,curry; dip; marinade; sauce,beef; chicken; pork; egg; vegetarian; rice; noodle; bread; potato; cucumber; pepper; curry; dip; marinade; sauce,grilled; fried; braised; boiled; raw/cold,grill; stock pot; fryer; blender,4,3,5,4,5,4,5,2,5,23,5,5,5,5,5,5,5,5,5,5,catering tray / office bundle,Beef Meals office tray; family allocation tray; weekend preorder bundle with premium add-ons.,"strong commercial deployability; good scarcity-drop candidate; component/product line candidate; works as tray, bundle, or group-buy format",no
rcp_907d18fce19f,D:\Books\Culinary & Hospitality\CULINARY BOOKS\03 World Cuisines\A Korean Cooking Cookbook (Jaehyun Hw... (z-lib.org).pdf,Jangjorim (Korean Beef Simmered in Soy Sauce),Korean; Sri Lankan / Curry; Latin / Tex-Mex; Chinese / Wok; American BBQ,Sauce / Condiment,beef; chicken; pork; egg; vegetarian,rice; noodle; bread; potato,cucumber; pepper,curry; dip; marinade; sauce,beef; chicken; pork; egg; vegetarian; rice; noodle; bread; potato; cucumber; pepper; curry; dip; marinade; sauce,grilled; fried; braised; boiled; raw/cold,grill; stock pot; fryer; blender,4,3,5,4,5,4,5,2,5,23,5,5,5,5,5,5,5,5,5,5,bottled sauce / rub / dry mix,Original signature component inspired by the category: Safari Lounge Jangjorim (Korean Beef Simmered in Soy Sauce) sauce flight; dry rub sachet; catering condiment upsell.,"strong commercial deployability; good scarcity-drop candidate; component/product line candidate; works as tray, bundle, or group-buy format",no
rcp_9e53f95bcb5d,D:\Books\Culinary & Hospitality\CULINARY BOOKS\03 World Cuisines\A Korean Cooking Cookbook (Jaehyun Hw... (z-lib.org).pdf,Korean Soy Beef Strips With Hard-Boiled Eggs (Jang Jorim),Korean; Sri Lankan / Curry; Latin / Tex-Mex; Chinese / Wok; American BBQ,Hot Main,beef; chicken; pork; egg; vegetarian,rice; noodle; bread; potato,carrot; cucumber; pepper,curry; dip; marinade; sauce,beef; chicken; pork; egg; vegetarian; rice; noodle; bread; potato; carrot; cucumber; pepper; curry; dip; marinade; sauce,grilled; fried; braised; boiled; raw/cold,grill; stock pot; fryer; blender,4,3,5,4,5,4,5,2,5,23,5,5,5,5,5,5,5,5,5,5,catering tray / office bundle,Korean Soy Beef Strips With Hard-Boiled Eggs (Jang Jorim) office tray; family allocation tray; weekend preorder bundle with premium add-ons.,"strong commercial deployability; good scarcity-drop candidate; component/product line candidate; works as tray, bundle, or group-buy format",no
rcp_cadca419ad2c,D:\Books\Culinary & Hospitality\CULINARY BOOKS\03 World Cuisines\A Korean Cooking Cookbook (Jaehyun Hw... (z-lib.org).pdf,Kalbi Jim (Stewed Korean Short Ribs),Korean; Sri Lankan / Curry; Latin / Tex-Mex; Chinese / Wok; American BBQ,Wet Main / Bowl,beef; chicken; pork; egg; vegetarian,rice; noodle; bread; potato,carrot; cucumber; pepper,curry; dip; dressing; marinade; sauce,beef; chicken; pork; egg; vegetarian; rice; noodle; bread; potato; carrot; cucumber; pepper; curry; dip; dressing; marinade; sauce,grilled; fried; braised; boiled; raw/cold,grill; stock pot; fryer; blender,4,3,5,4,5,4,5,2,5,23,5,5,5,5,5,5,5,5,5,5,catering tray / office bundle,Kalbi Jim (Stewed Korean Short Ribs) office tray; family allocation tray; weekend preorder bundle with premium add-ons.,"strong commercial deployability; good scarcity-drop candidate; component/product line candidate; works as tray, bundle, or group-buy format",no
rcp_e17c3e07a918,D:\Books\Culinary & Hospitality\CULINARY BOOKS\03 World Cuisines\Classic French Recipes.pdf,Healthy Recipes You Can Quickly &,French,Recipe Candidate,egg,bread; potato,onion,dip,egg; bread; potato; onion; dip,fried; braised; roasted; boiled,oven; stock pot; fryer; blender,4,3,5,4,5,4,3,1,5,22,5,4,4,2,5,4,5,5,5,5,catering tray / office bundle,Healthy Recipes You Can Quickly & office tray; family allocation tray; weekend preorder bundle with premium add-ons.,"strong commercial deployability; component/product line candidate; works as tray, bundle, or group-buy format",yes
rcp_58f84fc85be6,D:\Books\Culinary & Hospitality\CULINARY BOOKS\03 World Cuisines\Classic French Recipes.pdf,Easily Cook,French,Recipe Candidate,egg,bread; potato,onion,dip,egg; bread; potato; onion; dip,fried; braised; roasted; boiled,oven; stock pot; fryer; blender,4,3,5,4,5,4,3,1,5,22,5,4,4,2,5,4,5,5,5,5,catering tray / office bundle,Easily Cook office tray; family allocation tray; weekend preorder bundle with premium add-ons.,"strong commercial deployability; component/product line candidate; works as tray, bundle, or group-buy format",yes
rcp_6a2b78cdff64,D:\Books\Culinary & Hospitality\CULINARY BOOKS\03 World Cuisines\Classic French Recipes.pdf,French Dip-Crock Pot Recipe Style French Toast,French,Sauce / Condiment,egg,bread; potato,onion,dip,egg; bread; potato; onion; dip,fried; braised; roasted; boiled,oven; slow cooker; stock pot; fryer; blender,4,3,5,4,5,4,3,1,5,22,5,4,4,2,5,4,5,5,5,5,bottled sauce / rub / dry mix,Original signature component inspired by the category: Safari Lounge French Dip-Crock Pot Recipe Style French Toast sauce flight; dry rub sachet; catering condiment upsell.,"strong commercial deployability; component/product line candidate; works as tray, bundle, or group-buy format",no
rcp_c395c0b07c9f,D:\Books\Culinary & Hospitality\CULINARY BOOKS\03 World Cuisines\Classic French Recipes.pdf,Basic Machine French Bread French Toast,French,Recipe Candidate,egg,bread; potato,onion,dip,egg; bread; potato; onion; dip,fried; braised; roasted; boiled,oven; stock pot; fryer; blender,4,3,5,4,5,4,3,1,5,22,5,4,4,2,5,4,5,5,5,5,catering tray / office bundle,Basic Machine French Bread French Toast office tray; family allocation tray; weekend preorder bundle with premium add-ons.,"strong commercial deployability; component/product line candidate; works as tray, bundle, or group-buy format",yes
rcp_1bc4431fb4cf,D:\Books\Culinary & Hospitality\CULINARY BOOKS\03 World Cuisines\Classic French Recipes.pdf,Crusty French Bread,French,Recipe Candidate,egg,bread; potato,onion,dip,egg; bread; potato; onion; dip,fried; braised; roasted; boiled,oven; stock pot; fryer; blender,4,3,5,4,5,4,3,1,5,22,5,4,4,2,5,4,5,5,5,5,catering tray / office bundle,Crusty French Bread office tray; family allocation tray; weekend preorder bundle with premium add-ons.,"strong commercial deployability; component/product line candidate; works as tray, bundle, or group-buy format",yes
rcp_a4594439c691,D:\Books\Culinary & Hospitality\CULINARY BOOKS\03 World Cuisines\Classic French Recipes.pdf,French Onion Soup,French,Wet Main / Bowl,egg,bread; potato,onion,dip,egg; bread; potato; onion; dip,fried; braised; roasted; boiled,oven; stock pot; fryer; blender,4,3,5,4,5,4,3,1,5,22,5,4,4,2,5,4,5,5,5,5,catering tray / office bundle,French Onion Soup office tray; family allocation tray; weekend preorder bundle with premium add-ons.,"strong commercial deployability; component/product line candidate; works as tray, bundle, or group-buy format",no
rcp_cb69933880e6,D:\Books\Culinary & Hospitality\CULINARY BOOKS\03 World Cuisines\Classic French Recipes.pdf,French Bread,French,Recipe Candidate,egg,bread; potato,onion,dip,egg; bread; potato; onion; dip,fried; braised; roasted; boiled,oven; stock pot; fryer; blender,4,3,5,4,5,4,3,1,5,22,5,4,4,2,5,4,5,5,5,5,catering tray / office bundle,French Bread office tray; family allocation tray; weekend preorder bundle with premium add-ons.,"strong commercial deployability; component/product line candidate; works as tray, bundle, or group-buy format",yes
rcp_8d87c57d975f,D:\Books\Culinary & Hospitality\CULINARY BOOKS\03 World Cuisines\Classic French Recipes.pdf,Oven French Fries,French,Recipe Candidate,egg,bread; potato,onion,dip,egg; bread; potato; onion; dip,fried; braised; roasted; boiled,oven; stock pot; fryer; blender,4,3,5,4,5,4,3,1,5,22,5,4,4,2,5,4,5,5,5,5,catering tray / office bundle,Oven French Fries office tray; family allocation tray; weekend preorder bundle with premium add-ons.,"strong commercial deployability; component/product line candidate; works as tray, bundle, or group-buy format",yes
rcp_53fe9a1361a1,D:\Books\Culinary & Hospitality\CULINARY BOOKS\03 World Cuisines\Classic French Recipes.pdf,French Toast,French,Recipe Candidate,egg,bread; potato,onion,dip,egg; bread; potato; onion; dip,fried; braised; roasted; boiled,oven; stock pot; fryer; blender,4,3,5,4,5,4,3,1,5,22,5,4,4,2,5,4,5,5,5,5,catering tray / office bundle,French Toast office tray; family allocation tray; weekend preorder bundle with premium add-ons.,"strong commercial deployability; component/product line candidate; works as tray, bundle, or group-buy format",yes
rcp_33ff0c4ceb52,D:\Books\Culinary & Hospitality\CULINARY BOOKS\03 World Cuisines\Classic French Recipes.pdf,Failproof French Bread (Bread Machine),French,Recipe Candidate,egg,bread; potato,onion,dip,egg; bread; potato; onion; dip,fried; braised; roasted; boiled,oven; stock pot; fryer; blender,4,3,5,4,5,4,3,1,5,22,5,4,4,2,5,4,5,5,5,5,catering tray / office bundle,Failproof French Bread (Bread Machine) office tray; family allocation tray; weekend preorder bundle with premium add-ons.,"strong commercial deployability; component/product line candidate; works as tray, bundle, or group-buy format",yes
rcp_e80ce160ffde,D:\Books\Culinary & Hospitality\CULINARY BOOKS\03 World Cuisines\curry.pdf,Curry,Sri Lankan / Curry; American BBQ,Wet Main / Bowl,beef; chicken; lamb; seafood; vegetarian,potato,cabbage; mushroom,curry,beef; chicken; lamb; seafood; vegetarian; potato; cabbage; mushroom; curry,fried,standard kitchen,3,2,5,3,5,4,3,1,5,22,5,5,4,4,3,5,5,5,4,5,catering tray / office bundle,Curry office tray; family allocation tray; weekend preorder bundle with premium add-ons.,"strong commercial deployability; good scarcity-drop candidate; works as tray, bundle, or group-buy format",yes
rcp_d6a5cdd90b65,D:\Books\Culinary & Hospitality\CULINARY BOOKS\03 World Cuisines\curry.pdf,Preface 1,Sri Lankan / Curry; American BBQ,Recipe Candidate,beef; chicken; lamb; seafood; vegetarian,potato,cabbage; mushroom,curry,beef; chicken; lamb; seafood; vegetarian; potato; cabbage; mushroom; curry,fried,standard kitchen,3,2,5,3,5,4,3,1,5,22,5,5,4,4,3,5,5,5,4,5,catering tray / office bundle,Preface 1 office tray; family allocation tray; weekend preorder bundle with premium add-ons.,"strong commercial deployability; good scarcity-drop candidate; works as tray, bundle, or group-buy format",yes
rcp_e00acc578757,D:\Books\Culinary & Hospitality\CULINARY BOOKS\03 World Cuisines\curry.pdf,Meat 3,Sri Lankan / Curry; American BBQ,Recipe Candidate,beef; chicken; lamb; seafood; vegetarian,potato,cabbage; mushroom,curry,beef; chicken; lamb; seafood; vegetarian; potato; cabbage; mushroom; curry,fried,standard kitchen,3,2,5,3,5,4,3,1,5,22,5,5,4,4,3,5,5,5,4,5,catering tray / office bundle,Meat 3 office tray; family allocation tray; weekend preorder bundle with premium add-ons.,"strong commercial deployability; good scarcity-drop candidate; works as tray, bundle, or group-buy format",yes
rcp_2fb94d8f4e6a,D:\Books\Culinary & Hospitality\CULINARY BOOKS\03 World Cuisines\curry.pdf,Fish 29,Sri Lankan / Curry; American BBQ,Recipe Candidate,beef; chicken; lamb; seafood; egg; vegetarian,rice; potato,cabbage; mushroom,curry,beef; chicken; lamb; seafood; egg; vegetarian; rice; potato; cabbage; mushroom; curry,fried,standard kitchen,3,2,5,3,5,4,3,1,5,22,5,5,4,4,3,5,5,5,4,5,catering tray / office bundle,Fish 29 office tray; family allocation tray; weekend preorder bundle with premium add-ons.,"strong commercial deployability; good scarcity-drop candidate; works as tray, bundle, or group-buy format",yes
rcp_c4c1b2d5f1f8,D:\Books\Culinary & Hospitality\CULINARY BOOKS\03 World Cuisines\curry.pdf,3.6 Courgette Curry with Mung Dahl . . . . . . . . . 54,Sri Lankan / Curry,Wet Main / Bowl,chicken; seafood; egg; vegetarian,rice; potato,cabbage; mushroom; onion; tomato,chutney; curry,chicken; seafood; egg; vegetarian; rice; potato; cabbage; mushroom; onion; tomato; chutney; curry,fried,standard kitchen,3,2,5,3,5,4,3,1,5,22,5,5,4,4,3,5,5,5,4,5,catering tray / office bundle,3.6 Courgette Curry with Mung Dahl . . . . . . . . . 54 office tray; family allocation tray; weekend preorder bundle with premium add-ons.,"strong commercial deployability; good scarcity-drop candidate; works as tray, bundle, or group-buy format",no
rcp_ff746df64b43,D:\Books\Culinary & Hospitality\CULINARY BOOKS\03 World Cuisines\curry.pdf,4.1 Black Eyed Bean and Mushroom Curry . . . . . 68,Sri Lankan / Curry; American BBQ,Wet Main / Bowl,beef; chicken; lamb; egg; vegetarian,rice; potato,cabbage; mushroom; onion; tomato,chutney; curry,beef; chicken; lamb; egg; vegetarian; rice; potato; cabbage; mushroom; onion; tomato; chutney; curry,mixed/unknown,standard kitchen,3,2,5,3,5,4,3,1,5,22,5,5,4,4,3,5,5,5,4,5,catering tray / office bundle,4.1 Black Eyed Bean and Mushroom Curry . . . . . 68 office tray; family allocation tray; weekend preorder bundle with premium add-ons.,"strong commercial deployability; good scarcity-drop candidate; works as tray, bundle, or group-buy format",no
rcp_8f5437f3d38f,D:\Books\Culinary & Hospitality\CULINARY BOOKS\03 World Cuisines\curry.pdf,Sundries 83,Sri Lankan / Curry; American BBQ,Recipe Candidate,beef; chicken; lamb; egg; vegetarian,rice; potato,mushroom; onion; tomato,chutney; curry,beef; chicken; lamb; egg; vegetarian; rice; potato; mushroom; onion; tomato; chutney; curry,mixed/unknown,standard kitchen,3,2,5,3,5,4,3,1,5,22,5,5,4,4,3,5,5,5,4,5,catering tray / office bundle,Sundries 83 office tray; family allocation tray; weekend preorder bundle with premium add-ons.,"strong commercial deployability; good scarcity-drop candidate; works as tray, bundle, or group-buy format",yes
rcp_f8078bd3eff0,D:\Books\Culinary & Hospitality\CULINARY BOOKS\03 World Cuisines\curry.pdf,Preface,Sri Lankan / Curry; American BBQ,Wet Main / Bowl,beef; chicken; lamb; seafood; vegetarian,potato,cabbage; mushroom,curry,beef; chicken; lamb; seafood; vegetarian; potato; cabbage; mushroom; curry,fried,standard kitchen,3,2,5,3,5,4,3,1,5,22,5,5,4,4,3,5,5,5,4,5,catering tray / office bundle,Preface office tray; family allocation tray; weekend preorder bundle with premium add-ons.,"strong commercial deployability; good scarcity-drop candidate; works as tray, bundle, or group-buy format",no
rcp_337cbfe6547a,D:\Books\Culinary & Hospitality\CULINARY BOOKS\03 World Cuisines\curry.pdf,A book of Roy family curry recipes. Compiled from recipes,Sri Lankan / Curry; American BBQ,Wet Main / Bowl,beef; chicken; lamb; egg; vegetarian,rice; potato,garlic; onion; tomato,chutney; curry,beef; chicken; lamb; egg; vegetarian; rice; potato; garlic; onion; tomato; chutney; curry,fried,standard kitchen,3,2,4,3,5,4,3,1,5,21,5,5,4,4,3,5,5,5,4,5,catering tray / office bundle,A book of Roy family curry recipes. Compiled from recipes office tray; family allocation tray; weekend preorder bundle with premium add-ons.,"strong commercial deployability; good scarcity-drop candidate; works as tray, bundle, or group-buy format",no
rcp_da16354b7241,D:\Books\Culinary & Hospitality\CULINARY BOOKS\03 World Cuisines\curry.pdf,"married in 1967, and have been cooking curry together ever since!",Sri Lankan / Curry; American BBQ,Wet Main / Bowl,beef; chicken; lamb; egg; vegetarian,rice; potato,garlic; onion; tomato,chutney; curry,beef; chicken; lamb; egg; vegetarian; rice; potato; garlic; onion; tomato; chutney; curry,fried,standard kitchen,3,2,4,3,5,4,3,1,5,21,5,5,4,4,3,5,5,5,4,5,catering tray / office bundle,"married in 1967, and have been cooking curry together ever since! office tray; family allocation tray; weekend preorder bundle with premium add-ons.","strong commercial deployability; good scarcity-drop candidate; works as tray, bundle, or group-buy format",no
rcp_be732e06c202,D:\Books\Culinary & Hospitality\CULINARY BOOKS\03 World Cuisines\Gran Cocina Latina by Maricel E. Presilla.pdf,W. W . Norton & Company,Latin / Tex-Mex,Recipe Candidate,chicken; pork,rice; grain,,,chicken; pork; rice; grain,boiled,stock pot,3,2,5,3,5,4,4,1,4,22,4,5,4,4,3,5,5,5,4,5,catering tray / office bundle,W. W . Norton & Company office tray; family allocation tray; weekend preorder bundle with premium add-ons.,"strong commercial deployability; good scarcity-drop candidate; works as tray, bundle, or group-buy format",yes
rcp_c5646a4ec67f,D:\Books\Culinary & Hospitality\CULINARY BOOKS\03 World Cuisines\Gran Cocina Latina by Maricel E. Presilla.pdf,New York • London,Latin / Tex-Mex,Recipe Candidate,chicken; pork,rice; grain,,,chicken; pork; rice; grain,boiled,stock pot,3,2,5,3,5,4,4,1,4,22,4,5,4,4,3,5,5,5,4,5,catering tray / office bundle,New York • London office tray; family allocation tray; weekend preorder bundle with premium add-ons.,"strong commercial deployability; good scarcity-drop candidate; works as tray, bundle, or group-buy format",yes
rcp_5dba55abdf87,D:\Books\Culinary & Hospitality\CULINARY BOOKS\03 World Cuisines\Gran Cocina Latina by Maricel E. Presilla.pdf,"Presilla, Marice! E.",Latin / Tex-Mex,Starch Main,chicken; pork; seafood; vegetarian,rice; bread; grain,,,chicken; pork; seafood; vegetarian; rice; bread; grain,boiled; raw/cold,stock pot,4,2,5,3,5,4,4,2,4,21,4,5,4,4,3,5,5,5,4,5,catering tray / office bundle,"Presilla, Marice! E. office tray; family allocation tray; weekend preorder bundle with premium add-ons.","strong commercial deployability; good scarcity-drop candidate; works as tray, bundle, or group-buy format",no
rcp_d20d9749feae,D:\Books\Culinary & Hospitality\CULINARY BOOKS\03 World Cuisines\Gran Cocina Latina by Maricel E. Presilla.pdf,Mexican. I. Title.,Latin / Tex-Mex,Recipe Candidate,chicken; pork; seafood; vegetarian,rice; bread; grain,pepper,,chicken; pork; seafood; vegetarian; rice; bread; grain; pepper,boiled; raw/cold,stock pot,4,2,5,3,5,4,4,2,5,22,4,5,4,4,3,5,5,5,4,5,catering tray / office bundle,Mexican. I. Title. office tray; family allocation tray; weekend preorder bundle with premium add-ons.,"strong commercial deployability; good scarcity-drop candidate; works as tray, bundle, or group-buy format",yes
rcp_61315585ae4a,D:\Books\Culinary & Hospitality\CULINARY BOOKS\03 World Cuisines\Gran Cocina Latina by Maricel E. Presilla.pdf,"Fifth Avenue, New York, N.Y. 10110",Latin / Tex-Mex,Recipe Candidate,chicken; pork; seafood; vegetarian,rice; bread; grain,pepper,,chicken; pork; seafood; vegetarian; rice; bread; grain; pepper,boiled; raw/cold,stock pot,4,2,5,3,5,4,4,2,5,22,4,5,4,4,3,5,5,5,4,5,catering tray / office bundle,"Fifth Avenue, New York, N.Y. 10110 office tray; family allocation tray; weekend preorder bundle with premium add-ons.","strong commercial deployability; good scarcity-drop candidate; works as tray, bundle, or group-buy format",yes
rcp_f1fe150091b3,D:\Books\Culinary & Hospitality\CULINARY BOOKS\03 World Cuisines\Gran Cocina Latina by Maricel E. Presilla.pdf,Foreword • Journey Of The Sapoara 1,Latin / Tex-Mex,Recipe Candidate,chicken; pork; seafood; vegetarian,rice; bread; grain,pepper,,chicken; pork; seafood; vegetarian; rice; bread; grain; pepper,boiled; raw/cold,stock pot,4,2,5,3,5,4,4,2,5,22,4,5,4,4,3,5,5,5,4,5,catering tray / office bundle,Foreword • Journey Of The Sapoara 1 office tray; family allocation tray; weekend preorder bundle with premium add-ons.,"strong commercial deployability; good scarcity-drop candidate; works as tray, bundle, or group-buy format",yes
rcp_985a3803eb43,D:\Books\Culinary & Hospitality\CULINARY BOOKS\03 World Cuisines\Gran Cocina Latina by Maricel E. Presilla.pdf,Maps Of Latin America 3,Latin / Tex-Mex,Recipe Candidate,chicken; pork; seafood; vegetarian,rice; bread; grain,pepper,,chicken; pork; seafood; vegetarian; rice; bread; grain; pepper,fried; boiled; raw/cold,stock pot,4,2,5,3,5,4,4,2,5,22,4,5,4,4,3,5,5,5,4,5,catering tray / office bundle,Maps Of Latin America 3 office tray; family allocation tray; weekend preorder bundle with premium add-ons.,"strong commercial deployability; good scarcity-drop candidate; works as tray, bundle, or group-buy format",yes
rcp_75357ed2f0f3,D:\Books\Culinary & Hospitality\CULINARY BOOKS\03 World Cuisines\Gran Cocina Latina by Maricel E. Presilla.pdf,Starchy Veget 'Ables,Latin / Tex-Mex,Recipe Candidate,chicken; seafood; vegetarian,rice; bread; grain,pepper,,chicken; seafood; vegetarian; rice; bread; grain; pepper,fried; boiled; raw/cold,stock pot,4,2,5,3,5,4,4,2,5,22,4,5,4,4,3,5,5,5,4,5,catering tray / office bundle,Starchy Veget 'Ables office tray; family allocation tray; weekend preorder bundle with premium add-ons.,"strong commercial deployability; good scarcity-drop candidate; works as tray, bundle, or group-buy format",yes
rcp_335976d3faee,D:\Books\Culinary & Hospitality\CULINARY BOOKS\03 World Cuisines\Gran Cocina Latina by Maricel E. Presilla.pdf,And Beans,Latin / Tex-Mex,Recipe Candidate,chicken; seafood; vegetarian,rice; bread; grain,pepper,,chicken; seafood; vegetarian; rice; bread; grain; pepper,fried; boiled; raw/cold,stock pot,4,2,5,3,5,4,4,2,5,22,4,5,4,4,3,5,5,5,4,5,catering tray / office bundle,And Beans office tray; family allocation tray; weekend preorder bundle with premium add-ons.,"strong commercial deployability; good scarcity-drop candidate; works as tray, bundle, or group-buy format",yes
rcp_a44f91577fbc,D:\Books\Culinary & Hospitality\CULINARY BOOKS\03 World Cuisines\Gran Cocina Latina by Maricel E. Presilla.pdf,Acknowledgments,Latin / Tex-Mex,Wet Main / Bowl,chicken; seafood; vegetarian,rice; bread; grain,pepper,,chicken; seafood; vegetarian; rice; bread; grain; pepper,fried; boiled; raw/cold,stock pot,4,2,5,3,5,4,4,2,5,22,4,5,4,4,3,5,5,5,4,5,catering tray / office bundle,Acknowledgments office tray; family allocation tray; weekend preorder bundle with premium add-ons.,"strong commercial deployability; good scarcity-drop candidate; works as tray, bundle, or group-buy format",no
rcp_e35b4148ede4,D:\Books\Culinary & Hospitality\CULINARY BOOKS\03 World Cuisines\Korean Cooking by Maangchi.pdf,Maangchi,Korean; American BBQ,Wet Main / Bowl,beef; chicken; pork; seafood; vegetarian,rice; noodle,garlic,,beef; chicken; pork; seafood; vegetarian; rice; noodle; garlic,grilled; fried; braised,grill; stock pot; fryer,4,4,5,3,5,4,5,2,5,21,5,5,4,5,2,5,5,5,4,5,catering tray / office bundle,Maangchi office tray; family allocation tray; weekend preorder bundle with premium add-ons.,"strong commercial deployability; good scarcity-drop candidate; works as tray, bundle, or group-buy format",no
rcp_ea0becff7c54,D:\Books\Culinary & Hospitality\CULINARY BOOKS\03 World Cuisines\Korean Cooking by Maangchi.pdf,With,Korean; American BBQ,Wet Main / Bowl,beef; chicken; pork; seafood; vegetarian,rice; noodle,garlic,,beef; chicken; pork; seafood; vegetarian; rice; noodle; garlic,grilled; fried; braised,grill; stock pot; fryer,4,4,5,3,5,4,5,2,5,21,5,5,4,5,2,5,5,5,4,5,catering tray / office bundle,With office tray; family allocation tray; weekend preorder bundle with premium add-ons.,"strong commercial deployability; good scarcity-drop candidate; works as tray, bundle, or group-buy format",yes
rcp_ef8f0e58cef5,D:\Books\Culinary & Hospitality\CULINARY BOOKS\03 World Cuisines\Korean Cooking by Maangchi.pdf,Martha Rose Shulman,Korean; American BBQ,Recipe Candidate,beef; chicken; pork; seafood; vegetarian,rice; noodle,garlic,,beef; chicken; pork; seafood; vegetarian; rice; noodle; garlic,grilled; fried; braised,grill; stock pot; fryer,4,4,5,3,5,4,5,2,5,21,5,5,4,5,2,5,5,5,4,5,catering tray / office bundle,Martha Rose Shulman office tray; family allocation tray; weekend preorder bundle with premium add-ons.,"strong commercial deployability; good scarcity-drop candidate; works as tray, bundle, or group-buy format",yes
rcp_fadeb8e583a6,D:\Books\Culinary & Hospitality\CULINARY BOOKS\03 World Cuisines\Korean Cooking by Maangchi.pdf,Maangchi’S,Korean; American BBQ,Wet Main / Bowl,beef; chicken; pork; seafood; vegetarian,rice; noodle,garlic,,beef; chicken; pork; seafood; vegetarian; rice; noodle; garlic,grilled; fried; braised,grill; stock pot; fryer,4,4,5,3,5,4,5,2,5,21,5,5,4,5,2,5,5,5,4,5,catering tray / office bundle,Maangchi’S office tray; family allocation tray; weekend preorder bundle with premium add-ons.,"strong commercial deployability; good scarcity-drop candidate; works as tray, bundle, or group-buy format",no
rcp_cdf82321d211,D:\Books\Culinary & Hospitality\CULINARY BOOKS\03 World Cuisines\Korean Cooking by Maangchi.pdf,From,Korean; American BBQ,Wet Main / Bowl,beef; chicken; pork; seafood; vegetarian,rice; noodle,garlic,,beef; chicken; pork; seafood; vegetarian; rice; noodle; garlic,grilled; fried; braised,grill; stock pot; fryer,4,4,5,3,5,4,5,2,5,21,5,5,4,5,2,5,5,5,4,5,catering tray / office bundle,From office tray; family allocation tray; weekend preorder bundle with premium add-ons.,"strong commercial deployability; good scarcity-drop candidate; works as tray, bundle, or group-buy format",yes
rcp_4203b4630c35,D:\Books\Culinary & Hospitality\CULINARY BOOKS\03 World Cuisines\Korean Cooking by Maangchi.pdf,Everyday,Korean; American BBQ,Wet Main / Bowl,beef; chicken; pork; seafood; vegetarian,rice; noodle,garlic,,beef; chicken; pork; seafood; vegetarian; rice; noodle; garlic,grilled; fried; braised,grill; stock pot; fryer,4,4,5,3,5,4,5,2,5,21,5,5,4,5,2,5,5,5,4,5,catering tray / office bundle,Everyday office tray; family allocation tray; weekend preorder bundle with premium add-ons.,"strong commercial deployability; good scarcity-drop candidate; works as tray, bundle, or group-buy format",no
rcp_a767fdde8d2f,D:\Books\Culinary & Hospitality\CULINARY BOOKS\03 World Cuisines\Korean Cooking by Maangchi.pdf,Meals To,Korean; American BBQ,Recipe Candidate,beef; chicken; pork; seafood; vegetarian,rice; noodle,garlic,,beef; chicken; pork; seafood; vegetarian; rice; noodle; garlic,grilled; fried; braised,grill; stock pot; fryer,4,4,5,3,5,4,5,2,5,21,5,5,4,5,2,5,5,5,4,5,catering tray / office bundle,Meals To office tray; family allocation tray; weekend preorder bundle with premium add-ons.,"strong commercial deployability; good scarcity-drop candidate; works as tray, bundle, or group-buy format",yes
rcp_5c9610e5f18c,D:\Books\Culinary & Hospitality\CULINARY BOOKS\03 World Cuisines\Korean Cooking by Maangchi.pdf,Celebration,Korean; American BBQ,Wet Main / Bowl,beef; chicken; pork; seafood; vegetarian,rice; noodle,garlic,,beef; chicken; pork; seafood; vegetarian; rice; noodle; garlic,grilled; fried; braised,grill; stock pot; fryer,4,4,5,3,5,4,5,2,5,21,5,5,4,5,2,5,5,5,4,5,catering tray / office bundle,Celebration office tray; family allocation tray; weekend preorder bundle with premium add-ons.,"strong commercial deployability; good scarcity-drop candidate; works as tray, bundle, or group-buy format",no
rcp_28d276d8cbfc,D:\Books\Culinary & Hospitality\CULINARY BOOKS\03 World Cuisines\Korean Cooking by Maangchi.pdf,Cuisine,Korean; American BBQ,Wet Main / Bowl,beef; chicken; pork; seafood; vegetarian,rice; noodle,garlic,,beef; chicken; pork; seafood; vegetarian; rice; noodle; garlic,grilled; fried; braised,grill; stock pot; fryer,4,4,5,3,5,4,5,2,5,21,5,5,4,5,2,5,5,5,4,5,catering tray / office bundle,Cuisine office tray; family allocation tray; weekend preorder bundle with premium add-ons.,"strong commercial deployability; good scarcity-drop candidate; works as tray, bundle, or group-buy format",no
rcp_525d7e94a8e1,D:\Books\Culinary & Hospitality\CULINARY BOOKS\03 World Cuisines\Korean Cooking by Maangchi.pdf,Big Book,Korean; American BBQ,Recipe Candidate,beef; chicken; pork; seafood; vegetarian,rice; noodle,garlic,,beef; chicken; pork; seafood; vegetarian; rice; noodle; garlic,grilled; fried; braised,grill; stock pot; fryer,4,4,5,3,5,4,5,2,5,21,5,5,4,5,2,5,5,5,4,5,catering tray / office bundle,Big Book office tray; family allocation tray; weekend preorder bundle with premium add-ons.,"strong commercial deployability; good scarcity-drop candidate; works as tray, bundle, or group-buy format",yes
rcp_115e2cd3a9e9,D:\Books\Culinary & Hospitality\CULINARY BOOKS\03 World Cuisines\Lets Cook French.PDF,Meals,French,Sauce / Condiment,chicken; pork; lamb; seafood; egg; vegetarian,potato,garlic; spinach,sauce,chicken; pork; lamb; seafood; egg; vegetarian; potato; garlic; spinach; sauce,roasted; raw/cold,oven; blender,4,3,5,3,5,4,4,2,5,21,5,5,4,3,3,5,5,5,4,5,catering tray / office bundle,Meals office tray; family allocation tray; weekend preorder bundle with premium add-ons.,"strong commercial deployability; works as tray, bundle, or group-buy format",yes
rcp_7e03ca20e7f4,D:\Books\Culinary & Hospitality\CULINARY BOOKS\03 World Cuisines\Lets Cook French.PDF,Let'S Cook French,French,Recipe Candidate,chicken; pork; lamb; seafood; egg; vegetarian,potato,garlic; spinach,sauce,chicken; pork; lamb; seafood; egg; vegetarian; potato; garlic; spinach; sauce,roasted; raw/cold,oven; blender,4,3,5,3,5,4,4,2,5,21,5,5,4,3,3,5,5,5,4,5,catering tray / office bundle,Let'S Cook French office tray; family allocation tray; weekend preorder bundle with premium add-ons.,"strong commercial deployability; works as tray, bundle, or group-buy format",yes
rcp_90d7b8ddcd3b,D:\Books\Culinary & Hospitality\CULINARY BOOKS\03 World Cuisines\Lets Cook French.PDF,Cuisinons Français • Un Livre Pour Toute La Famille,French,Recipe Candidate,chicken; pork; lamb; seafood; egg; vegetarian,potato,garlic; spinach,sauce,chicken; pork; lamb; seafood; egg; vegetarian; potato; garlic; spinach; sauce,roasted; raw/cold,oven; blender,4,3,5,3,5,4,4,2,5,21,5,5,4,3,3,5,5,5,4,5,catering tray / office bundle,Cuisinons Français • Un Livre Pour Toute La Famille office tray; family allocation tray; weekend preorder bundle with premium add-ons.,"strong commercial deployability; works as tray, bundle, or group-buy format",yes
rcp_9e3c89bf9412,D:\Books\Culinary & Hospitality\CULINARY BOOKS\03 World Cuisines\Lets Cook French.PDF,Claudine Pépin,French,Recipe Candidate,chicken; pork; lamb; seafood; egg; vegetarian,potato,garlic; spinach,sauce,chicken; pork; lamb; seafood; egg; vegetarian; potato; garlic; spinach; sauce,roasted; raw/cold,oven; blender,4,3,5,3,5,4,4,2,5,21,5,5,4,3,3,5,5,5,4,5,catering tray / office bundle,Claudine Pépin office tray; family allocation tray; weekend preorder bundle with premium add-ons.,"strong commercial deployability; works as tray, bundle, or group-buy format",yes
rcp_0e2ff5b7d48a,D:\Books\Culinary & Hospitality\CULINARY BOOKS\03 World Cuisines\Lets Cook French.PDF,Illustrations By Jacques Pépin,French,Recipe Candidate,chicken; pork; lamb; seafood; egg; vegetarian,potato,garlic; spinach,sauce,chicken; pork; lamb; seafood; egg; vegetarian; potato; garlic; spinach; sauce,roasted; raw/cold,oven; blender,4,3,5,3,5,4,4,2,5,21,5,5,4,3,3,5,5,5,4,5,catering tray / office bundle,Illustrations By Jacques Pépin office tray; family allocation tray; weekend preorder bundle with premium add-ons.,"strong commercial deployability; works as tray, bundle, or group-buy format",yes
rcp_e85cd0f27819,D:\Books\Culinary & Hospitality\CULINARY BOOKS\03 World Cuisines\Lets Cook French.PDF,A Note For Kids,French,Recipe Candidate,chicken; pork; lamb; seafood; egg; vegetarian,potato,garlic; spinach,sauce,chicken; pork; lamb; seafood; egg; vegetarian; potato; garlic; spinach; sauce,roasted; raw/cold,oven; blender,4,3,5,3,5,4,4,2,5,21,5,5,4,3,3,5,5,5,4,5,catering tray / office bundle,A Note For Kids office tray; family allocation tray; weekend preorder bundle with premium add-ons.,"strong commercial deployability; works as tray, bundle, or group-buy format",yes
rcp_1173d01d0b51,D:\Books\Culinary & Hospitality\CULINARY BOOKS\03 World Cuisines\Lets Cook French.PDF,A Note For Parents,French,Recipe Candidate,chicken; pork; lamb; seafood; egg; vegetarian,potato,garlic; spinach,sauce,chicken; pork; lamb; seafood; egg; vegetarian; potato; garlic; spinach; sauce,roasted; raw/cold,oven; blender,4,3,5,3,5,4,4,2,5,21,5,5,4,3,3,5,5,5,4,5,catering tray / office bundle,A Note For Parents office tray; family allocation tray; weekend preorder bundle with premium add-ons.,"strong commercial deployability; works as tray, bundle, or group-buy format",yes
rcp_14336ea82869,D:\Books\Culinary & Hospitality\CULINARY BOOKS\03 World Cuisines\Lets Cook French.PDF,To Start,French,Recipe Candidate,chicken; pork; lamb; seafood; egg; vegetarian,potato,garlic; spinach,sauce,chicken; pork; lamb; seafood; egg; vegetarian; potato; garlic; spinach; sauce,roasted; raw/cold,oven; blender,4,3,5,3,5,4,4,2,5,21,5,5,4,3,3,5,5,5,4,5,catering tray / office bundle,To Start office tray; family allocation tray; weekend preorder bundle with premium add-ons.,"strong commercial deployability; works as tray, bundle, or group-buy format",yes
rcp_4e9314a1c778,D:\Books\Culinary & Hospitality\CULINARY BOOKS\03 World Cuisines\Lets Cook French.PDF,Gougères,French,Sauce / Condiment,chicken; pork; lamb; seafood; egg; vegetarian,bread; potato,garlic; spinach,sauce,chicken; pork; lamb; seafood; egg; vegetarian; bread; potato; garlic; spinach; sauce,roasted; raw/cold,oven; blender,4,3,5,3,5,4,4,2,5,21,5,5,4,3,3,5,5,5,4,5,catering tray / office bundle,Gougères office tray; family allocation tray; weekend preorder bundle with premium add-ons.,"strong commercial deployability; works as tray, bundle, or group-buy format",no
rcp_5de0b47a663f,D:\Books\Culinary & Hospitality\CULINARY BOOKS\03 World Cuisines\Lets Cook French.PDF,Eggs Jeannette,French,Recipe Candidate,chicken; pork; lamb; seafood; egg; vegetarian,bread; potato,garlic; spinach,sauce,chicken; pork; lamb; seafood; egg; vegetarian; bread; potato; garlic; spinach; sauce,roasted; raw/cold,oven; blender,4,3,5,3,5,4,4,2,5,21,5,5,4,3,3,5,5,5,4,5,catering tray / office bundle,Eggs Jeannette office tray; family allocation tray; weekend preorder bundle with premium add-ons.,"strong commercial deployability; works as tray, bundle, or group-buy format",yes
rcp_6f70ed0ee7ac,D:\Books\Culinary & Hospitality\CULINARY BOOKS\03 World Cuisines\Los_Barrios_Family_C_by_Diana_Barrios_Treviñ_z_lib_or.pdf,Forword,Latin / Tex-Mex,Share Platter,chicken,,,,chicken,mixed/unknown,standard kitchen,2,2,3,2,3,4,4,2,2,14,3,4,4,3,1,5,3,4,3,3,catering tray / office bundle,Forword office tray; family allocation tray; weekend preorder bundle with premium add-ons.,"works as tray, bundle, or group-buy format",no
rcp_78431fd5eef8,D:\Books\Culinary & Hospitality\CULINARY BOOKS\03 World Cuisines\Los_Barrios_Family_C_by_Diana_Barrios_Treviñ_z_lib_or.pdf,home-style chicken dish with tatuma squash and oregano. After only a few,Latin / Tex-Mex,Hot Main,chicken,bread,,,chicken; bread,mixed/unknown,standard kitchen,2,2,3,2,4,4,4,2,3,16,3,5,4,3,1,5,4,4,3,4,catering tray / office bundle,home-style chicken dish with tatuma squash and oregano. After only a few office tray; family allocation tray; weekend preorder bundle with premium add-ons.,"strong commercial deployability; works as tray, bundle, or group-buy format",no
rcp_578d49f382d3,D:\Books\Culinary & Hospitality\CULINARY BOOKS\03 World Cuisines\Los_Barrios_Family_C_by_Diana_Barrios_Treviñ_z_lib_or.pdf,Emeril Lagasse,Latin / Tex-Mex,Recipe Candidate,chicken,bread,,,chicken; bread,mixed/unknown,standard kitchen,2,2,4,2,4,3,4,2,3,16,3,5,4,3,1,5,4,5,3,4,catering tray / office bundle,Emeril Lagasse office tray; family allocation tray; weekend preorder bundle with premium add-ons.,"strong commercial deployability; works as tray, bundle, or group-buy format",yes
rcp_e79bfc1a6b6c,D:\Books\Culinary & Hospitality\CULINARY BOOKS\03 World Cuisines\Los_Barrios_Family_C_by_Diana_Barrios_Treviñ_z_lib_or.pdf,Acknowledgments,Latin / Tex-Mex,Wet Main / Bowl,chicken,bread,,,chicken; bread,mixed/unknown,standard kitchen,2,2,4,2,4,3,4,2,3,16,3,5,4,3,1,5,4,5,3,4,catering tray / office bundle,Acknowledgments office tray; family allocation tray; weekend preorder bundle with premium add-ons.,"strong commercial deployability; works as tray, bundle, or group-buy format",no
rcp_74fabd49803e,D:\Books\Culinary & Hospitality\CULINARY BOOKS\03 World Cuisines\Los_Barrios_Family_C_by_Diana_Barrios_Treviñ_z_lib_or.pdf,Stocking Your Kitchen,Latin / Tex-Mex,Recipe Candidate,chicken,,,,chicken,boiled; raw/cold,stock pot,3,2,5,3,4,4,3,2,3,18,4,5,4,3,3,5,5,5,3,3,catering tray / office bundle,Stocking Your Kitchen office tray; family allocation tray; weekend preorder bundle with premium add-ons.,"strong commercial deployability; works as tray, bundle, or group-buy format",yes
rcp_80b2ddff034e,D:\Books\Culinary & Hospitality\CULINARY BOOKS\03 World Cuisines\Los_Barrios_Family_C_by_Diana_Barrios_Treviñ_z_lib_or.pdf,The“Must Haves”,Latin / Tex-Mex,Recipe Candidate,chicken,,,,chicken,boiled; raw/cold,stock pot,3,2,5,3,4,4,3,2,3,18,4,5,4,3,3,5,5,5,3,3,catering tray / office bundle,The“Must Haves” office tray; family allocation tray; weekend preorder bundle with premium add-ons.,"strong commercial deployability; works as tray, bundle, or group-buy format",yes
rcp_34f0f433c353,D:\Books\Culinary & Hospitality\CULINARY BOOKS\03 World Cuisines\Los_Barrios_Family_C_by_Diana_Barrios_Treviñ_z_lib_or.pdf,Breakfast,Latin / Tex-Mex,Wet Main / Bowl,chicken,,,,chicken,boiled; raw/cold,stock pot,3,2,5,3,4,4,3,2,3,18,4,5,4,3,3,5,5,5,3,3,catering tray / office bundle,Breakfast office tray; family allocation tray; weekend preorder bundle with premium add-ons.,"strong commercial deployability; works as tray, bundle, or group-buy format",no
rcp_3032e79ceb77,D:\Books\Culinary & Hospitality\CULINARY BOOKS\03 World Cuisines\Los_Barrios_Family_C_by_Diana_Barrios_Treviñ_z_lib_or.pdf,Appetizers,Latin / Tex-Mex,Wet Main / Bowl,chicken,,,,chicken,boiled; raw/cold,stock pot,3,2,5,3,4,4,3,2,3,18,4,5,4,3,3,5,5,5,3,3,catering tray / office bundle,Appetizers office tray; family allocation tray; weekend preorder bundle with premium add-ons.,"strong commercial deployability; works as tray, bundle, or group-buy format",no
rcp_bf6e982ac16e,D:\Books\Culinary & Hospitality\CULINARY BOOKS\03 World Cuisines\Los_Barrios_Family_C_by_Diana_Barrios_Treviñ_z_lib_or.pdf,Soups,Latin / Tex-Mex,Wet Main / Bowl,chicken,,,,chicken,boiled; raw/cold,stock pot,3,2,5,3,4,4,3,2,3,18,4,5,4,3,3,5,5,5,3,3,catering tray / office bundle,Soups office tray; family allocation tray; weekend preorder bundle with premium add-ons.,"strong commercial deployability; works as tray, bundle, or group-buy format",yes
rcp_94b875e7f5f5,D:\Books\Culinary & Hospitality\CULINARY BOOKS\03 World Cuisines\Los_Barrios_Family_C_by_Diana_Barrios_Treviñ_z_lib_or.pdf,Salads,Latin / Tex-Mex,Wet Main / Bowl,chicken,,,,chicken,boiled; raw/cold,stock pot,3,2,5,3,4,4,3,2,3,18,4,5,4,3,3,5,5,5,3,3,catering tray / office bundle,Salads office tray; family allocation tray; weekend preorder bundle with premium add-ons.,"strong commercial deployability; works as tray, bundle, or group-buy format",no
rcp_bef7a61fceb6,"D:\Books\Culinary & Hospitality\CULINARY BOOKS\03 World Cuisines\Milk,_Spice_and_Curry_Leaves_by_Ruwanmali_Samarakoon_Amunugama.pdf",& Curry & Curry,Sri Lankan / Curry,Wet Main / Bowl,pork,,,curry,pork; curry,mixed/unknown,standard kitchen,3,2,4,3,4,4,2,1,4,18,4,3,3,3,3,4,5,3,4,5,ghost kitchen menu item,& Curry & Curry bowl/wrap combo; delivery-safe sauce-on-side variant; lunch subscription item.,strong commercial deployability,no
rcp_0226ce9e60af,"D:\Books\Culinary & Hospitality\CULINARY BOOKS\03 World Cuisines\Milk,_Spice_and_Curry_Leaves_by_Ruwanmali_Samarakoon_Amunugama.pdf","Milk , Spice &",Sri Lankan / Curry,Recipe Candidate,pork,,,curry,pork; curry,mixed/unknown,standard kitchen,3,2,4,3,4,4,2,1,4,18,4,3,3,3,3,4,5,3,4,5,ghost kitchen menu item,"Milk , Spice & bowl/wrap combo; delivery-safe sauce-on-side variant; lunch subscription item.",strong commercial deployability,yes
rcp_083d7ca0e019,"D:\Books\Culinary & Hospitality\CULINARY BOOKS\03 World Cuisines\Milk,_Spice_and_Curry_Leaves_by_Ruwanmali_Samarakoon_Amunugama.pdf",Curry Leaves,Sri Lankan / Curry,Wet Main / Bowl,pork,,,curry,pork; curry,mixed/unknown,standard kitchen,3,2,4,3,4,4,2,1,4,18,4,3,3,3,3,4,5,3,4,5,ghost kitchen menu item,Curry Leaves bowl/wrap combo; delivery-safe sauce-on-side variant; lunch subscription item.,strong commercial deployability,no
rcp_e322b59b2ce7,"D:\Books\Culinary & Hospitality\CULINARY BOOKS\03 World Cuisines\Milk,_Spice_and_Curry_Leaves_by_Ruwanmali_Samarakoon_Amunugama.pdf",Ruw Anmali Samarakoon-Amunugamaruw Anmali Samarakoon-Amunugama,Sri Lankan / Curry,Recipe Candidate,pork,,,curry,pork; curry,mixed/unknown,standard kitchen,3,2,4,3,4,4,2,1,4,18,4,3,3,3,3,4,5,3,4,5,ghost kitchen menu item,Ruw Anmali Samarakoon-Amunugamaruw Anmali Samarakoon-Amunugama bowl/wrap combo; delivery-safe sauce-on-side variant; lunch subscription item.,strong commercial deployability,yes
rcp_638b1129102a,"D:\Books\Culinary & Hospitality\CULINARY BOOKS\03 World Cuisines\Milk,_Spice_and_Curry_Leaves_by_Ruwanmali_Samarakoon_Amunugama.pdf",Mudiyanselage Herath Banda Samarakoon,Sri Lankan / Curry,Recipe Candidate,pork; vegetarian,,,,pork; vegetarian,raw/cold,standard kitchen,2,2,5,3,4,3,4,2,3,18,3,4,4,3,2,5,4,5,3,3,catering tray / office bundle,Mudiyanselage Herath Banda Samarakoon office tray; family allocation tray; weekend preorder bundle with premium add-ons.,"strong commercial deployability; works as tray, bundle, or group-buy format",yes
rcp_8c0b01d204e9,"D:\Books\Culinary & Hospitality\CULINARY BOOKS\03 World Cuisines\Milk,_Spice_and_Curry_Leaves_by_Ruwanmali_Samarakoon_Amunugama.pdf",The Essence Of Sri Lankan Cooking,Sri Lankan / Curry,Recipe Candidate,pork; vegetarian,,,,pork; vegetarian,raw/cold,standard kitchen,2,2,5,3,4,3,4,2,3,18,3,4,4,3,2,5,4,5,3,3,catering tray / office bundle,The Essence Of Sri Lankan Cooking office tray; family allocation tray; weekend preorder bundle with premium add-ons.,"strong commercial deployability; works as tray, bundle, or group-buy format",yes
rcp_a45d7d34a52d,"D:\Books\Culinary & Hospitality\CULINARY BOOKS\03 World Cuisines\Milk,_Spice_and_Curry_Leaves_by_Ruwanmali_Samarakoon_Amunugama.pdf",The Pillars,Sri Lankan / Curry,Recipe Candidate,pork; vegetarian,,,,pork; vegetarian,raw/cold,standard kitchen,2,2,5,3,4,3,4,2,3,18,3,4,4,3,2,5,4,5,3,3,catering tray / office bundle,The Pillars office tray; family allocation tray; weekend preorder bundle with premium add-ons.,"strong commercial deployability; works as tray, bundle, or group-buy format",yes
rcp_262e32dc6836,"D:\Books\Culinary & Hospitality\CULINARY BOOKS\03 World Cuisines\Milk,_Spice_and_Curry_Leaves_by_Ruwanmali_Samarakoon_Amunugama.pdf",Tips And Other Things To Know,Sri Lankan / Curry,Recipe Candidate,pork; vegetarian,,,,pork; vegetarian,raw/cold,standard kitchen,2,2,5,3,4,3,4,2,3,18,3,4,4,3,2,5,4,5,3,3,catering tray / office bundle,Tips And Other Things To Know office tray; family allocation tray; weekend preorder bundle with premium add-ons.,"strong commercial deployability; works as tray, bundle, or group-buy format",yes
rcp_f6cc756704e3,"D:\Books\Culinary & Hospitality\CULINARY BOOKS\03 World Cuisines\Milk,_Spice_and_Curry_Leaves_by_Ruwanmali_Samarakoon_Amunugama.pdf",Grains,Sri Lankan / Curry,Cold / Prep Ahead,pork; vegetarian,,,,pork; vegetarian,raw/cold,standard kitchen,2,2,5,3,4,3,4,2,3,18,3,4,4,3,2,5,4,5,3,3,catering tray / office bundle,Grains office tray; family allocation tray; weekend preorder bundle with premium add-ons.,"strong commercial deployability; works as tray, bundle, or group-buy format",no
rcp_9fc8026053f8,"D:\Books\Culinary & Hospitality\CULINARY BOOKS\03 World Cuisines\Milk,_Spice_and_Curry_Leaves_by_Ruwanmali_Samarakoon_Amunugama.pdf",Seafood Dishes,Sri Lankan / Curry,Recipe Candidate,pork; vegetarian,,,,pork; vegetarian,raw/cold,standard kitchen,2,2,5,3,4,3,4,2,3,18,3,4,4,3,2,5,4,5,3,3,catering tray / office bundle,Seafood Dishes office tray; family allocation tray; weekend preorder bundle with premium add-ons.,"strong commercial deployability; works as tray, bundle, or group-buy format",yes
rcp_87eaa1a9c886,D:\Books\Culinary & Hospitality\CULINARY BOOKS\03 World Cuisines\South African Illustrated Cookbook.pdf,The South African,South African,Recipe Candidate,pork; seafood,,,,pork; seafood,boiled; raw/cold,stock pot,3,2,4,3,4,4,3,2,3,17,3,3,3,2,3,3,5,3,2,3,ghost kitchen menu item,The South African bowl/wrap combo; delivery-safe sauce-on-side variant; lunch subscription item.,strong commercial deployability,yes
rcp_903ff291e632,D:\Books\Culinary & Hospitality\CULINARY BOOKS\03 World Cuisines\South African Illustrated Cookbook.pdf,Illustrated,South African,Wet Main / Bowl,pork; seafood,,,,pork; seafood,boiled; raw/cold,stock pot,3,2,4,3,4,4,3,2,3,17,3,3,3,2,3,3,5,3,2,3,ghost kitchen menu item,Illustrated bowl/wrap combo; delivery-safe sauce-on-side variant; lunch subscription item.,strong commercial deployability,no
rcp_8e47da477f1c,D:\Books\Culinary & Hospitality\CULINARY BOOKS\03 World Cuisines\South African Illustrated Cookbook.pdf,Cookbook,South African,Wet Main / Bowl,pork; seafood,,,,pork; seafood,boiled; raw/cold,stock pot,3,2,4,3,4,4,3,2,3,17,3,3,3,2,3,3,5,3,2,3,ghost kitchen menu item,Cookbook bowl/wrap combo; delivery-safe sauce-on-side variant; lunch subscription item.,strong commercial deployability,no
rcp_4754e174f5ad,D:\Books\Culinary & Hospitality\CULINARY BOOKS\03 World Cuisines\South African Illustrated Cookbook.pdf,Lehla Eldridge,South African,Recipe Candidate,pork; seafood,,,,pork; seafood,boiled; raw/cold,stock pot,3,2,4,3,4,4,3,2,3,17,3,3,3,2,3,3,5,3,2,3,ghost kitchen menu item,Lehla Eldridge bowl/wrap combo; delivery-safe sauce-on-side variant; lunch subscription item.,strong commercial deployability,yes
rcp_03b2d927a87b,D:\Books\Culinary & Hospitality\CULINARY BOOKS\03 World Cuisines\South African Illustrated Cookbook.pdf,Lifestyle,South African,Wet Main / Bowl,pork; seafood; egg,,,,pork; seafood; egg,boiled; raw/cold,stock pot,3,2,4,3,4,4,3,2,3,17,3,3,3,2,3,3,5,3,2,3,ghost kitchen menu item,Lifestyle bowl/wrap combo; delivery-safe sauce-on-side variant; lunch subscription item.,strong commercial deployability,no
rcp_c0e0366aee28,D:\Books\Culinary & Hospitality\CULINARY BOOKS\03 World Cuisines\South African Illustrated Cookbook.pdf,"Wembley Square, Solan Road, Cape Town",South African,Recipe Candidate,pork; seafood; egg,,,,pork; seafood; egg,boiled; raw/cold,stock pot,3,2,4,3,4,4,3,2,3,17,3,3,3,2,3,3,5,3,2,3,ghost kitchen menu item,"Wembley Square, Solan Road, Cape Town bowl/wrap combo; delivery-safe sauce-on-side variant; lunch subscription item.",strong commercial deployability,yes
rcp_8aee2c1fbf31,D:\Books\Culinary & Hospitality\CULINARY BOOKS\03 World Cuisines\South African Illustrated Cookbook.pdf,House Struik (Pty) Ltd 2002,South African,Recipe Candidate,chicken; pork; seafood; egg,,,,chicken; pork; seafood; egg,boiled; raw/cold,stock pot,3,2,4,3,4,4,3,2,3,17,3,3,3,2,3,3,5,3,2,3,ghost kitchen menu item,House Struik (Pty) Ltd 2002 bowl/wrap combo; delivery-safe sauce-on-side variant; lunch subscription item.,strong commercial deployability,yes
rcp_10bb53695713,D:\Books\Culinary & Hospitality\CULINARY BOOKS\03 World Cuisines\South African Illustrated Cookbook.pdf,Eldridge 2002,South African,Recipe Candidate,chicken; pork; seafood; egg,,,,chicken; pork; seafood; egg,boiled; raw/cold,stock pot,3,2,4,3,4,4,3,2,3,17,3,3,3,2,3,3,5,3,2,3,ghost kitchen menu item,Eldridge 2002 bowl/wrap combo; delivery-safe sauce-on-side variant; lunch subscription item.,strong commercial deployability,yes
rcp_d8b8b791970f,D:\Books\Culinary & Hospitality\CULINARY BOOKS\03 World Cuisines\South African Illustrated Cookbook.pdf,Editor: Cecilia Barfield,South African,Recipe Candidate,chicken; pork; seafood; egg,,,,chicken; pork; seafood; egg,boiled; raw/cold,stock pot,3,2,4,3,4,4,3,2,3,17,3,3,3,2,3,3,5,3,2,3,ghost kitchen menu item,Editor: Cecilia Barfield bowl/wrap combo; delivery-safe sauce-on-side variant; lunch subscription item.,strong commercial deployability,yes
rcp_6d3aa79cacb2,D:\Books\Culinary & Hospitality\CULINARY BOOKS\03 World Cuisines\South African Illustrated Cookbook.pdf,Illustrator: Lehla Eldridge,South African,Recipe Candidate,chicken; pork; seafood; egg,,,,chicken; pork; seafood; egg,boiled; raw/cold,stock pot,3,2,4,3,4,4,3,2,3,17,3,3,3,2,3,3,5,3,2,3,ghost kitchen menu item,Illustrator: Lehla Eldridge bowl/wrap combo; delivery-safe sauce-on-side variant; lunch subscription item.,strong commercial deployability,yes
rcp_5f65e570e46e,D:\Books\Culinary & Hospitality\CULINARY BOOKS\03 World Cuisines\Sri Lanka Cooking.pdf,Rice & Breads,Sri Lankan / Curry; Chinese / Wok,Starch Main,chicken; goat; seafood; egg,rice; bread; potato,spinach,curry,chicken; goat; seafood; egg; rice; bread; potato; spinach; curry,fried; roasted,wok; oven; fryer,4,3,3,3,5,4,3,1,5,19,5,4,2,4,3,4,5,3,4,5,ghost kitchen menu item,Rice & Breads bowl/wrap combo; delivery-safe sauce-on-side variant; lunch subscription item.,strong commercial deployability; good scarcity-drop candidate,no
rcp_e2f5783856f5,D:\Books\Culinary & Hospitality\CULINARY BOOKS\03 World Cuisines\Sri Lanka Cooking.pdf,Aappa (Hoppers) - Padmaja 10/01/97 9,Sri Lankan / Curry; Chinese / Wok,Recipe Candidate,chicken; seafood,rice; bread,spinach,curry,chicken; seafood; rice; bread; spinach; curry,fried; roasted,wok; oven; fryer,4,3,3,3,5,4,3,1,5,19,5,4,2,4,3,4,5,3,4,5,ghost kitchen menu item,Aappa (Hoppers) - Padmaja 10/01/97 9 bowl/wrap combo; delivery-safe sauce-on-side variant; lunch subscription item.,strong commercial deployability; good scarcity-drop candidate,yes
rcp_152f42b9852a,D:\Books\Culinary & Hospitality\CULINARY BOOKS\03 World Cuisines\Sri Lanka Cooking.pdf,Kukul-Mas Buriyani (Chicken Briyani) - Malini 9/27/97 10,Sri Lankan / Curry; Chinese / Wok,Hot Main,chicken; seafood,rice; bread,spinach,curry,chicken; seafood; rice; bread; spinach; curry,fried; roasted,wok; oven; fryer,4,3,3,3,5,4,3,1,5,19,5,4,2,4,3,4,5,3,4,5,ghost kitchen menu item,Kukul-Mas Buriyani (Chicken Briyani) - Malini 9/27/97 10 bowl/wrap combo; delivery-safe sauce-on-side variant; lunch subscription item.,strong commercial deployability; good scarcity-drop candidate,no
rcp_b544f6549e0d,D:\Books\Culinary & Hospitality\CULINARY BOOKS\03 World Cuisines\Sri Lanka Cooking.pdf,Issan Bath (Shrimp Fried Rice) - Malini 8/11/97 11,Sri Lankan / Curry; Chinese / Wok,Starch Main,chicken; seafood,rice; bread,spinach,curry,chicken; seafood; rice; bread; spinach; curry,fried; roasted,wok; oven; fryer,4,3,3,3,5,4,3,1,5,19,5,4,2,4,3,4,5,3,4,5,ghost kitchen menu item,Issan Bath (Shrimp Fried Rice) - Malini 8/11/97 11 bowl/wrap combo; delivery-safe sauce-on-side variant; lunch subscription item.,strong commercial deployability; good scarcity-drop candidate,no
rcp_2d8a1ce378d2,D:\Books\Culinary & Hospitality\CULINARY BOOKS\03 World Cuisines\Sri Lanka Cooking.pdf,Kaha Bath (Yellow Rice) - Felicia 8/06/97 12,Sri Lankan / Curry; Chinese / Wok,Starch Main,chicken; seafood,rice; bread,spinach,curry,chicken; seafood; rice; bread; spinach; curry,fried; roasted,wok; oven; fryer,4,3,3,3,5,4,3,1,5,19,5,4,2,4,3,4,5,3,4,5,ghost kitchen menu item,Kaha Bath (Yellow Rice) - Felicia 8/06/97 12 bowl/wrap combo; delivery-safe sauce-on-side variant; lunch subscription item.,strong commercial deployability; good scarcity-drop candidate,no
rcp_2f5c68b2b8de,D:\Books\Culinary & Hospitality\CULINARY BOOKS\03 World Cuisines\Sri Lanka Cooking.pdf,Dun-thel-bath(Ghee Rice with Green Peas) - Malini 7/07/97 13,Sri Lankan / Curry; Chinese / Wok,Starch Main,chicken; seafood,rice; bread,spinach,curry,chicken; seafood; rice; bread; spinach; curry,fried; roasted,wok; oven; fryer,4,3,3,3,5,4,3,1,5,19,5,4,2,4,3,4,5,3,4,5,ghost kitchen menu item,Dun-thel-bath(Ghee Rice with Green Peas) - Malini 7/07/97 13 bowl/wrap combo; delivery-safe sauce-on-side variant; lunch subscription item.,strong commercial deployability; good scarcity-drop candidate,no
rcp_65742fdaeb17,D:\Books\Culinary & Hospitality\CULINARY BOOKS\03 World Cuisines\Sri Lanka Cooking.pdf,Kiri Bath (Milk Rice) - Malini 1/03/97 14,Sri Lankan / Curry; Chinese / Wok,Starch Main,chicken; seafood,rice; bread,spinach,curry,chicken; seafood; rice; bread; spinach; curry,fried; roasted,wok; oven; fryer,4,3,3,3,5,4,3,1,5,19,5,4,2,4,3,4,5,3,4,5,ghost kitchen menu item,Kiri Bath (Milk Rice) - Malini 1/03/97 14 bowl/wrap combo; delivery-safe sauce-on-side variant; lunch subscription item.,strong commercial deployability; good scarcity-drop candidate,no
rcp_9fc04940d18f,D:\Books\Culinary & Hospitality\CULINARY BOOKS\03 World Cuisines\Sri Lanka Cooking.pdf,Meat & Sea Food,Sri Lankan / Curry; Chinese / Wok,Recipe Candidate,chicken; goat; seafood; egg; vegetarian,rice; bread; potato,eggplant; spinach; tomato,curry,chicken; goat; seafood; egg; vegetarian; rice; bread; potato; eggplant; spinach; tomato; curry,fried; roasted,wok; oven; fryer,4,3,4,3,5,4,3,1,5,20,5,4,3,4,3,4,5,4,4,5,catering tray / office bundle,Meat & Sea Food office tray; family allocation tray; weekend preorder bundle with premium add-ons.,"strong commercial deployability; good scarcity-drop candidate; works as tray, bundle, or group-buy format",yes
rcp_123aa0ceadc8,D:\Books\Culinary & Hospitality\CULINARY BOOKS\03 World Cuisines\Sri Lanka Cooking.pdf,Quiche Lorraine - Sriani 3/28/98 15,Sri Lankan / Curry; Chinese / Wok,Recipe Candidate,chicken; seafood,rice; bread,spinach,curry,chicken; seafood; rice; bread; spinach; curry,fried; roasted,wok; oven; fryer,4,3,3,3,5,4,3,1,5,19,5,4,2,4,3,4,5,3,4,5,ghost kitchen menu item,Quiche Lorraine - Sriani 3/28/98 15 bowl/wrap combo; delivery-safe sauce-on-side variant; lunch subscription item.,strong commercial deployability; good scarcity-drop candidate,yes
rcp_59da6736ff7c,D:\Books\Culinary & Hospitality\CULINARY BOOKS\03 World Cuisines\Sri Lanka Cooking.pdf,Chu Cha Ching Meat Curry - Srimala Pennis 2/25/98 16,Sri Lankan / Curry; Chinese / Wok,Wet Main / Bowl,chicken; seafood,rice; bread,spinach,curry,chicken; seafood; rice; bread; spinach; curry,fried; roasted,wok; oven; fryer,4,3,3,3,5,4,3,1,5,19,5,4,2,4,3,4,5,3,4,5,ghost kitchen menu item,Chu Cha Ching Meat Curry - Srimala Pennis 2/25/98 16 bowl/wrap combo; delivery-safe sauce-on-side variant; lunch subscription item.,strong commercial deployability; good scarcity-drop candidate,no
rcp_46a8c1aded27,D:\Books\Culinary & Hospitality\CULINARY BOOKS\03 World Cuisines\Tex-Mex Recipes for any Occasion Thin... (z-lib.org).pdf,Tex-Mex Recipes!,Latin / Tex-Mex; American BBQ,Recipe Candidate,beef; chicken; pork,noodle,,,beef; chicken; pork; noodle,boiled; raw/cold,stock pot,3,2,4,3,5,4,3,2,4,19,4,4,3,3,3,4,5,4,4,5,catering tray / office bundle,Tex-Mex Recipes! office tray; family allocation tray; weekend preorder bundle with premium add-ons.,"strong commercial deployability; works as tray, bundle, or group-buy format",yes
rcp_2dcf23f8cafe,D:\Books\Culinary & Hospitality\CULINARY BOOKS\03 World Cuisines\Tex-Mex Recipes for any Occasion Thin... (z-lib.org).pdf,Ava Archer,Latin / Tex-Mex; American BBQ,Recipe Candidate,beef; chicken; pork,noodle,,,beef; chicken; pork; noodle,boiled; raw/cold,stock pot,3,2,4,3,5,4,3,2,4,19,4,4,3,3,3,4,5,4,4,5,catering tray / office bundle,Ava Archer office tray; family allocation tray; weekend preorder bundle with premium add-ons.,"strong commercial deployability; works as tray, bundle, or group-buy format",yes
rcp_39eb7b3f1fb3,D:\Books\Culinary & Hospitality\CULINARY BOOKS\03 World Cuisines\Tex-Mex Recipes for any Occasion Thin... (z-lib.org).pdf,1. Menudo (Beef Tripe Soup),Latin / Tex-Mex; American BBQ,Wet Main / Bowl,beef; chicken; pork; vegetarian,rice; noodle; grain,cucumber; garlic; onion; pepper; tomato,dip,beef; chicken; pork; vegetarian; rice; noodle; grain; cucumber; garlic; onion; pepper; tomato; dip,braised; boiled; raw/cold,slow cooker; stock pot; blender,3,2,5,4,5,4,4,2,5,23,5,5,5,4,5,5,5,5,5,5,catering tray / office bundle,1. Menudo (Beef Tripe Soup) office tray; family allocation tray; weekend preorder bundle with premium add-ons.,"strong commercial deployability; good scarcity-drop candidate; component/product line candidate; works as tray, bundle, or group-buy format",no
rcp_05778ddf143d,D:\Books\Culinary & Hospitality\CULINARY BOOKS\03 World Cuisines\Tex-Mex Recipes for any Occasion Thin... (z-lib.org).pdf,2. Cowboy Caviar,Latin / Tex-Mex; American BBQ,Recipe Candidate,beef; chicken; pork; seafood; vegetarian,rice; noodle; grain,cucumber; garlic; onion; pepper; tomato,dip; sauce,beef; chicken; pork; seafood; vegetarian; rice; noodle; grain; cucumber; garlic; onion; pepper; tomato; dip; sauce,braised; boiled; raw/cold,slow cooker; stock pot; blender,3,2,5,4,5,4,4,2,5,23,5,5,5,4,5,5,5,5,5,5,catering tray / office bundle,2. Cowboy Caviar office tray; family allocation tray; weekend preorder bundle with premium add-ons.,"strong commercial deployability; good scarcity-drop candidate; component/product line candidate; works as tray, bundle, or group-buy format",yes
rcp_6541b3e81f44,D:\Books\Culinary & Hospitality\CULINARY BOOKS\03 World Cuisines\Tex-Mex Recipes for any Occasion Thin... (z-lib.org).pdf,3. Skinny Cowgirl Chicken Salad,Latin / Tex-Mex; American BBQ,Cold / Prep Ahead,beef; chicken; pork; seafood; vegetarian,rice; noodle; grain,cucumber; garlic; onion; pepper; tomato,dip; sauce,beef; chicken; pork; seafood; vegetarian; rice; noodle; grain; cucumber; garlic; onion; pepper; tomato; dip; sauce,braised; boiled; raw/cold,slow cooker; stock pot; blender,3,2,5,4,5,4,4,2,5,23,5,5,5,4,5,5,5,5,5,5,catering tray / office bundle,3. Skinny Cowgirl Chicken Salad office tray; family allocation tray; weekend preorder bundle with premium add-ons.,"strong commercial deployability; good scarcity-drop candidate; component/product line candidate; works as tray, bundle, or group-buy format",no
rcp_f29e75381d07,D:\Books\Culinary & Hospitality\CULINARY BOOKS\03 World Cuisines\Tex-Mex Recipes for any Occasion Thin... (z-lib.org).pdf,4. Pasta Salad,Latin / Tex-Mex; American BBQ,Starch Main,beef; chicken; pork; seafood; vegetarian,rice; noodle; grain,carrot; cucumber; garlic; onion; pepper; tomato,dip; sauce,beef; chicken; pork; seafood; vegetarian; rice; noodle; grain; carrot; cucumber; garlic; onion; pepper; tomato; dip; sauce,braised; boiled; raw/cold,slow cooker; stock pot; blender,3,2,5,4,5,4,4,2,5,23,5,5,5,4,5,5,5,5,5,5,catering tray / office bundle,4. Pasta Salad office tray; family allocation tray; weekend preorder bundle with premium add-ons.,"strong commercial deployability; good scarcity-drop candidate; component/product line candidate; works as tray, bundle, or group-buy format",no
rcp_44ccdcdfc0e0,D:\Books\Culinary & Hospitality\CULINARY BOOKS\03 World Cuisines\Tex-Mex Recipes for any Occasion Thin... (z-lib.org).pdf,5. Texas Chili,Latin / Tex-Mex; American BBQ,Recipe Candidate,beef; chicken; pork; seafood; vegetarian,rice; noodle; grain,carrot; cucumber; garlic; onion; pepper; tomato,dip; sauce,beef; chicken; pork; seafood; vegetarian; rice; noodle; grain; carrot; cucumber; garlic; onion; pepper; tomato; dip; sauce,braised; boiled; raw/cold,slow cooker; stock pot; blender,3,2,5,4,5,4,4,2,5,23,5,5,5,4,5,5,5,5,5,5,catering tray / office bundle,5. Texas Chili office tray; family allocation tray; weekend preorder bundle with premium add-ons.,"strong commercial deployability; good scarcity-drop candidate; component/product line candidate; works as tray, bundle, or group-buy format",yes
rcp_72c9733e27bc,D:\Books\Culinary & Hospitality\CULINARY BOOKS\03 World Cuisines\Tex-Mex Recipes for any Occasion Thin... (z-lib.org).pdf,6. Frito Pie,Latin / Tex-Mex; American BBQ,Recipe Candidate,beef; chicken; pork; seafood; vegetarian,rice; noodle; potato; grain,carrot; cucumber; garlic; onion; pepper; tomato,dip; sauce,beef; chicken; pork; seafood; vegetarian; rice; noodle; potato; grain; carrot; cucumber; garlic; onion; pepper; tomato; dip; sauce,braised; boiled; raw/cold,slow cooker; stock pot; blender,3,2,5,4,5,4,4,2,5,23,5,5,5,4,5,5,5,5,5,5,catering tray / office bundle,6. Frito Pie office tray; family allocation tray; weekend preorder bundle with premium add-ons.,"strong commercial deployability; good scarcity-drop candidate; component/product line candidate; works as tray, bundle, or group-buy format",yes
rcp_de867b822851,D:\Books\Culinary & Hospitality\CULINARY BOOKS\03 World Cuisines\Tex-Mex Recipes for any Occasion Thin... (z-lib.org).pdf,7. Whole Citrus Margaritas,Latin / Tex-Mex; American BBQ,Recipe Candidate,beef; chicken; pork; seafood; vegetarian,rice; noodle; potato; grain,carrot; cucumber; garlic; onion; pepper; tomato,dip; sauce,beef; chicken; pork; seafood; vegetarian; rice; noodle; potato; grain; carrot; cucumber; garlic; onion; pepper; tomato; dip; sauce,braised; boiled; raw/cold,slow cooker; stock pot; blender,3,2,5,4,5,4,4,2,5,23,5,5,5,4,5,5,5,5,5,5,catering tray / office bundle,7. Whole Citrus Margaritas office tray; family allocation tray; weekend preorder bundle with premium add-ons.,"strong commercial deployability; good scarcity-drop candidate; component/product line candidate; works as tray, bundle, or group-buy format",yes
rcp_838241789371,D:\Books\Culinary & Hospitality\CULINARY BOOKS\03 World Cuisines\Tex-Mex Recipes for any Occasion Thin... (z-lib.org).pdf,8.Cowboy Breakfast Bowls,Latin / Tex-Mex; American BBQ,Recipe Candidate,beef; chicken; pork; seafood; vegetarian,rice; noodle; potato; grain,carrot; cucumber; garlic; onion; pepper; tomato,dip; sauce,beef; chicken; pork; seafood; vegetarian; rice; noodle; potato; grain; carrot; cucumber; garlic; onion; pepper; tomato; dip; sauce,braised; boiled; raw/cold,slow cooker; stock pot; blender,3,2,5,4,5,4,4,2,5,23,5,5,5,4,5,5,5,5,5,5,catering tray / office bundle,8.Cowboy Breakfast Bowls office tray; family allocation tray; weekend preorder bundle with premium add-ons.,"strong commercial deployability; good scarcity-drop candidate; component/product line candidate; works as tray, bundle, or group-buy format",yes
